datetime,state,country,year
2000-01-01,TX,us,2000
2000-01-01,TX,us,2000
2000-01-04,TX,us,2000
2000-01-09,TX,us,2000
2000-01-10,TX,us,2000
2000-01-14,TX,us,2000
2000-01-15,TX,us,2000
2000-01-15,TX,us,2000
2000-01-15,TX,us,2000
2000-01-18,TX,us,2000
2000-01-19,TX,us,2000
2000-01-20,TX,us,2000
2000-01-20,TX,us,2000
2000-01-25,TX,us,2000
2000-02-01,TX,us,2000
2000-02-03,TX,us,2000
2000-02-04,TX,us,2000
2000-02-04,TX,us,2000
2000-02-08,TX,us,2000
2000-02-09,TX,us,2000
2000-02-11,TX,us,2000
2000-02-16,TX,us,2000
2000-02-19,TX,us,2000
2000-03-01,TX,us,2000
2000-03-09,TX,us,2000
2000-03-11,TX,us,2000
2000-03-16,TX,us,2000
2000-03-17,TX,us,2000
2000-03-25,TX,us,2000
2000-03-28,TX,us,2000
2000-03-31,TX,us,2000
2000-04-06,TX,us,2000
2000-04-06,TX,us,2000
2000-04-06,TX,us,2000
2000-04-13,TX,us,2000
2000-04-20,TX,us,2000
2000-04-25,TX,us,2000
2000-04-27,TX,us,2000
2000-04-27,TX,us,2000
2000-05-04,TX,us,2000
2000-05-04,TX,us,2000
2000-05-09,TX,us,2000
2000-05-15,TX,us,2000
2000-05-17,TX,us,2000
2000-05-22,TX,us,2000
2000-05-25,TX,us,2000
2000-05-28,TX,us,2000
2000-05-28,TX,us,2000
2000-06-11,TX,us,2000
2000-06-11,TX,us,2000
2000-06-12,TX,us,2000
2000-06-12,TX,us,2000
2000-06-12,TX,us,2000
2000-06-15,TX,us,2000
2000-06-17,TX,us,2000
2000-06-23,TX,us,2000
2000-06-25,TX,us,2000
2000-06-30,TX,us,2000
2000-07-01,TX,us,2000
2000-07-01,TX,us,2000
2000-07-04,TX,us,2000
2000-07-16,TX,us,2000
2000-07-19,TX,us,2000
2000-07-20,TX,us,2000
2000-07-22,TX,us,2000
2000-07-26,TX,us,2000
2000-07-26,TX,us,2000
2000-07-26,TX,us,2000
2000-07-28,TX,us,2000
2000-07-29,TX,us,2000
2000-08-01,TX,us,2000
2000-08-07,TX,us,2000
2000-08-15,TX,us,2000
2000-08-15,TX,us,2000
2000-08-15,TX,us,2000
2000-08-15,TX,us,2000
2000-08-15,TX,us,2000
2000-08-20,TX,us,2000
2000-09-01,TX,us,2000
2000-09-01,TX,us,2000
2000-09-01,TX,us,2000
2000-09-08,TX,us,2000
2000-09-12,TX,us,2000
2000-09-14,TX,us,2000
2000-09-18,TX,us,2000
2000-09-19,TX,us,2000
2000-09-21,TX,us,2000
2000-09-21,TX,us,2000
2000-09-21,TX,us,2000
2000-09-26,TX,us,2000
2000-09-30,TX,us,2000
2000-10-04,TX,us,2000
2000-10-04,TX,us,2000
2000-10-07,TX,us,2000
2000-10-12,TX,us,2000
2000-10-13,TX,us,2000
2000-10-13,TX,us,2000
2000-10-13,TX,us,2000
2000-10-15,TX,us,2000
2000-10-15,TX,us,2000
2000-10-15,TX,us,2000
2000-10-18,TX,us,2000
2000-10-27,TX,us,2000
2000-10-30,TX,us,2000
2000-11-01,TX,us,2000
2000-11-02,TX,us,2000
2000-11-04,TX,us,2000
2000-11-06,TX,us,2000
2000-11-07,TX,us,2000
2000-11-13,TX,us,2000
2000-11-15,TX,us,2000
2000-11-15,TX,us,2000
2000-11-18,TX,us,2000
2000-11-19,TX,us,2000
2000-11-20,TX,us,2000
2000-11-23,TX,us,2000
2000-11-23,TX,us,2000
2000-12-03,TX,us,2000
2000-12-16,TX,us,2000
2000-12-28,TX,us,2000
2000-12-28,TX,us,2000
2000-12-29,TX,us,2000
2000-12-31,TX,us,2000
2001-01-04,TX,us,2001
2001-01-05,TX,us,2001
2001-01-05,TX,us,2001
2001-01-13,TX,us,2001
2001-01-26,TX,us,2001
2001-01-29,TX,us,2001
2001-02-04,TX,us,2001
2001-02-04,TX,us,2001
2001-02-04,TX,us,2001
2001-02-06,TX,us,2001
2001-02-06,TX,us,2001
2001-02-14,TX,us,2001
2001-02-16,TX,us,2001
2001-02-22,TX,us,2001
2001-02-25,TX,us,2001
2001-02-25,TX,us,2001
2001-03-04,TX,us,2001
2001-03-06,TX,us,2001
2001-03-12,TX,us,2001
2001-03-17,TX,us,2001
2001-03-19,TX,us,2001
2001-03-20,TX,us,2001
2001-03-21,TX,us,2001
2001-03-30,TX,us,2001
2001-04-12,TX,us,2001
2001-04-14,TX,us,2001
2001-04-15,TX,us,2001
2001-04-15,TX,us,2001
2001-04-18,TX,us,2001
2001-04-21,TX,us,2001
2001-04-22,TX,us,2001
2001-04-25,TX,us,2001
2001-05-10,TX,us,2001
2001-05-10,TX,us,2001
2001-05-11,TX,us,2001
2001-05-13,TX,us,2001
2001-05-14,TX,us,2001
2001-05-19,TX,us,2001
2001-05-25,TX,us,2001
2001-06-06,TX,us,2001
2001-06-12,TX,us,2001
2001-06-14,TX,us,2001
2001-06-15,TX,us,2001
2001-06-21,TX,us,2001
2001-06-21,TX,us,2001
2001-06-24,TX,us,2001
2001-06-25,TX,us,2001
2001-06-30,TX,us,2001
2001-07-04,TX,us,2001
2001-07-04,TX,us,2001
2001-07-05,TX,us,2001
2001-07-07,TX,us,2001
2001-07-18,TX,us,2001
2001-07-18,TX,us,2001
2001-07-20,TX,us,2001
2001-07-20,TX,us,2001
2001-07-28,TX,us,2001
2001-07-28,TX,us,2001
2001-07-29,TX,us,2001
2001-07-30,TX,us,2001
2001-07-30,TX,us,2001
2001-08-01,TX,us,2001
2001-08-02,TX,us,2001
2001-08-04,TX,us,2001
2001-08-08,TX,us,2001
2001-08-10,TX,us,2001
2001-08-10,TX,us,2001
2001-08-18,TX,us,2001
2001-08-20,TX,us,2001
2001-08-20,TX,us,2001
2001-08-20,TX,us,2001
2001-09-01,TX,us,2001
2001-09-01,TX,us,2001
2001-09-02,TX,us,2001
2001-09-03,TX,us,2001
2001-09-08,TX,us,2001
2001-09-09,TX,us,2001
2001-09-10,TX,us,2001
2001-09-19,TX,us,2001
2001-09-21,TX,us,2001
2001-09-23,TX,us,2001
2001-09-29,TX,us,2001
2001-10-14,TX,us,2001
2001-10-14,TX,us,2001
2001-10-15,TX,us,2001
2001-10-18,TX,us,2001
2001-10-18,TX,us,2001
2001-10-20,TX,us,2001
2001-10-25,TX,us,2001
2001-10-26,TX,us,2001
2001-10-27,TX,us,2001
2001-10-30,TX,us,2001
2001-10-31,TX,us,2001
2001-11-01,TX,us,2001
2001-11-05,TX,us,2001
2001-11-07,TX,us,2001
2001-11-18,TX,us,2001
2001-11-18,TX,us,2001
2001-11-18,TX,us,2001
2001-11-18,TX,us,2001
2001-11-28,TX,us,2001
2001-11-30,TX,us,2001
2001-12-01,TX,us,2001
2001-12-01,TX,us,2001
2001-12-01,TX,us,2001
2001-12-01,TX,us,2001
2001-12-01,TX,us,2001
2001-12-01,TX,us,2001
2001-12-01,TX,us,2001
2001-12-01,TX,us,2001
2001-12-01,TX,us,2001
2001-12-03,TX,us,2001
2001-12-06,TX,us,2001
2001-12-26,TX,us,2001
2001-12-28,TX,us,2001
2001-12-28,TX,us,2001
2001-12-31,TX,us,2001
2001-12-31,TX,us,2001
2002-01-01,TX,us,2002
2002-01-01,TX,us,2002
2002-01-06,TX,us,2002
2002-01-06,TX,us,2002
2002-01-07,TX,us,2002
2002-01-07,TX,us,2002
2002-01-11,TX,us,2002
2002-01-12,TX,us,2002
2002-01-21,TX,us,2002
2002-01-23,TX,us,2002
2002-01-31,TX,us,2002
2002-01-31,TX,us,2002
2002-01-31,TX,us,2002
2002-01-31,TX,us,2002
2002-01-31,TX,us,2002
2002-01-31,TX,us,2002
2002-02-07,TX,us,2002
2002-02-08,TX,us,2002
2002-02-10,TX,us,2002
2002-02-11,TX,us,2002
2002-02-14,TX,us,2002
2002-02-15,TX,us,2002
2002-02-15,TX,us,2002
2002-02-16,TX,us,2002
2002-02-28,TX,us,2002
2002-03-01,TX,us,2002
2002-03-06,TX,us,2002
2002-03-06,TX,us,2002
2002-03-13,TX,us,2002
2002-03-14,TX,us,2002
2002-03-15,TX,us,2002
2002-03-18,TX,us,2002
2002-03-18,TX,us,2002
2002-03-20,TX,us,2002
2002-03-26,TX,us,2002
2002-03-30,TX,us,2002
2002-03-30,TX,us,2002
2002-04-10,TX,us,2002
2002-04-10,TX,us,2002
2002-04-13,TX,us,2002
2002-04-17,TX,us,2002
2002-04-17,TX,us,2002
2002-04-20,TX,us,2002
2002-04-24,TX,us,2002
2002-04-27,TX,us,2002
2002-05-03,TX,us,2002
2002-05-05,TX,us,2002
2002-05-05,TX,us,2002
2002-05-10,TX,us,2002
2002-05-14,TX,us,2002
2002-05-15,TX,us,2002
2002-05-18,TX,us,2002
2002-05-20,TX,us,2002
2002-05-22,TX,us,2002
2002-05-25,TX,us,2002
2002-05-26,TX,us,2002
2002-05-30,TX,us,2002
2002-05-31,TX,us,2002
2002-06-01,TX,us,2002
2002-06-01,TX,us,2002
2002-06-02,TX,us,2002
2002-06-02,TX,us,2002
2002-06-02,TX,us,2002
2002-06-03,TX,us,2002
2002-06-12,TX,us,2002
2002-06-13,TX,us,2002
2002-06-15,TX,us,2002
2002-06-15,TX,us,2002
2002-06-18,TX,us,2002
2002-06-19,TX,us,2002
2002-07-06,TX,us,2002
2002-07-07,TX,us,2002
2002-07-09,TX,us,2002
2002-07-10,TX,us,2002
2002-07-15,TX,us,2002
2002-07-17,TX,us,2002
2002-07-17,TX,us,2002
2002-07-20,TX,us,2002
2002-07-20,TX,us,2002
2002-07-25,TX,us,2002
2002-07-26,TX,us,2002
2002-07-31,TX,us,2002
2002-08-01,TX,us,2002
2002-08-04,TX,us,2002
2002-08-06,TX,us,2002
2002-08-07,TX,us,2002
2002-08-07,TX,us,2002
2002-08-09,TX,us,2002
2002-08-10,TX,us,2002
2002-08-10,TX,us,2002
2002-08-12,TX,us,2002
2002-08-15,TX,us,2002
2002-08-16,TX,us,2002
2002-08-18,TX,us,2002
2002-08-20,TX,us,2002
2002-08-22,TX,us,2002
2002-08-23,TX,us,2002
2002-08-24,TX,us,2002
2002-08-25,TX,us,2002
2002-08-25,TX,us,2002
2002-08-28,TX,us,2002
2002-09-03,TX,us,2002
2002-09-03,TX,us,2002
2002-09-04,TX,us,2002
2002-09-05,TX,us,2002
2002-09-08,TX,us,2002
2002-09-09,TX,us,2002
2002-09-12,TX,us,2002
2002-09-13,TX,us,2002
2002-09-23,TX,us,2002
2002-09-23,TX,us,2002
2002-09-24,TX,us,2002
2002-09-25,TX,us,2002
2002-10-04,TX,us,2002
2002-10-04,TX,us,2002
2002-10-05,TX,us,2002
2002-10-11,TX,us,2002
2002-10-12,TX,us,2002
2002-10-12,TX,us,2002
2002-10-12,TX,us,2002
2002-10-16,TX,us,2002
2002-10-16,TX,us,2002
2002-10-29,TX,us,2002
2002-10-29,TX,us,2002
2002-10-30,TX,us,2002
2002-10-31,TX,us,2002
2002-11-01,TX,us,2002
2002-11-03,TX,us,2002
2002-11-08,TX,us,2002
2002-11-09,TX,us,2002
2002-11-10,TX,us,2002
2002-11-11,TX,us,2002
2002-11-13,TX,us,2002
2002-11-13,TX,us,2002
2002-11-18,TX,us,2002
2002-11-19,TX,us,2002
2002-11-19,TX,us,2002
2002-11-19,TX,us,2002
2002-11-19,TX,us,2002
2002-11-22,TX,us,2002
2002-11-29,TX,us,2002
2002-12-01,TX,us,2002
2002-12-05,TX,us,2002
2002-12-05,TX,us,2002
2002-12-06,TX,us,2002
2002-12-08,TX,us,2002
2002-12-13,TX,us,2002
2002-12-13,TX,us,2002
2002-12-14,TX,us,2002
2002-12-19,TX,us,2002
2002-12-19,TX,us,2002
2002-12-21,TX,us,2002
2002-12-26,TX,us,2002
2002-12-27,TX,us,2002
2002-12-31,TX,us,2002
2003-01-01,TX,us,2003
2003-01-01,TX,us,2003
2003-01-04,TX,us,2003
2003-01-04,TX,us,2003
2003-01-07,TX,us,2003
2003-01-08,TX,us,2003
2003-01-09,TX,us,2003
2003-01-15,TX,us,2003
2003-01-16,TX,us,2003
2003-01-16,TX,us,2003
2003-01-17,TX,us,2003
2003-01-26,TX,us,2003
2003-02-01,TX,us,2003
2003-02-01,TX,us,2003
2003-02-01,TX,us,2003
2003-02-09,TX,us,2003
2003-02-15,TX,us,2003
2003-02-15,TX,us,2003
2003-02-15,TX,us,2003
2003-02-23,TX,us,2003
2003-03-02,TX,us,2003
2003-03-06,TX,us,2003
2003-03-10,TX,us,2003
2003-03-12,TX,us,2003
2003-03-30,TX,us,2003
2003-04-05,TX,us,2003
2003-04-10,TX,us,2003
2003-04-20,TX,us,2003
2003-04-20,TX,us,2003
2003-04-26,TX,us,2003
2003-04-27,TX,us,2003
2003-04-30,TX,us,2003
2003-05-03,TX,us,2003
2003-05-04,TX,us,2003
2003-05-13,TX,us,2003
2003-05-14,TX,us,2003
2003-05-15,TX,us,2003
2003-05-16,TX,us,2003
2003-05-16,TX,us,2003
2003-05-17,TX,us,2003
2003-05-17,TX,us,2003
2003-05-26,TX,us,2003
2003-05-26,TX,us,2003
2003-05-29,TX,us,2003
2003-05-29,TX,us,2003
2003-06-06,TX,us,2003
2003-06-09,TX,us,2003
2003-06-13,TX,us,2003
2003-06-15,TX,us,2003
2003-06-19,TX,us,2003
2003-06-21,TX,us,2003
2003-07-01,TX,us,2003
2003-07-06,TX,us,2003
2003-07-08,TX,us,2003
2003-07-08,TX,us,2003
2003-07-10,TX,us,2003
2003-07-13,TX,us,2003
2003-07-13,TX,us,2003
2003-07-17,TX,us,2003
2003-07-20,TX,us,2003
2003-07-27,TX,us,2003
2003-07-28,TX,us,2003
2003-07-28,TX,us,2003
2003-07-28,TX,us,2003
2003-07-28,TX,us,2003
2003-07-28,TX,us,2003
2003-08-03,TX,us,2003
2003-08-10,TX,us,2003
2003-08-10,TX,us,2003
2003-08-11,TX,us,2003
2003-08-16,TX,us,2003
2003-08-16,TX,us,2003
2003-08-20,TX,us,2003
2003-08-20,TX,us,2003
2003-08-20,TX,us,2003
2003-08-22,TX,us,2003
2003-08-26,TX,us,2003
2003-08-27,TX,us,2003
2003-08-28,TX,us,2003
2003-08-29,TX,us,2003
2003-08-30,TX,us,2003
2003-08-31,TX,us,2003
2003-09-01,TX,us,2003
2003-09-03,TX,us,2003
2003-09-03,TX,us,2003
2003-09-03,TX,us,2003
2003-09-07,TX,us,2003
2003-09-08,TX,us,2003
2003-09-09,TX,us,2003
2003-09-10,TX,us,2003
2003-09-10,TX,us,2003
2003-09-10,TX,us,2003
2003-09-10,TX,us,2003
2003-09-12,TX,us,2003
2003-09-14,TX,us,2003
2003-09-16,TX,us,2003
2003-09-17,TX,us,2003
2003-09-19,TX,us,2003
2003-09-20,TX,us,2003
2003-09-23,TX,us,2003
2003-09-23,TX,us,2003
2003-09-25,TX,us,2003
2003-09-27,TX,us,2003
2003-09-28,TX,us,2003
2003-09-28,TX,us,2003
2003-10-02,TX,us,2003
2003-10-05,TX,us,2003
2003-10-12,TX,us,2003
2003-10-13,TX,us,2003
2003-10-15,TX,us,2003
2003-10-17,TX,us,2003
2003-10-17,TX,us,2003
2003-10-18,TX,us,2003
2003-10-18,TX,us,2003
2003-10-18,TX,us,2003
2003-10-18,TX,us,2003
2003-10-19,TX,us,2003
2003-10-19,TX,us,2003
2003-10-20,TX,us,2003
2003-10-21,TX,us,2003
2003-10-23,TX,us,2003
2003-10-24,TX,us,2003
2003-10-24,TX,us,2003
2003-10-24,TX,us,2003
2003-10-24,TX,us,2003
2003-10-25,TX,us,2003
2003-10-26,TX,us,2003
2003-10-28,TX,us,2003
2003-10-31,TX,us,2003
2003-10-31,TX,us,2003
2003-11-02,TX,us,2003
2003-11-02,TX,us,2003
2003-11-04,TX,us,2003
2003-11-05,TX,us,2003
2003-11-07,TX,us,2003
2003-11-07,TX,us,2003
2003-11-12,TX,us,2003
2003-11-16,TX,us,2003
2003-11-18,TX,us,2003
2003-11-19,TX,us,2003
2003-11-19,TX,us,2003
2003-11-19,TX,us,2003
2003-11-19,TX,us,2003
2003-11-19,TX,us,2003
2003-11-20,TX,us,2003
2003-11-24,TX,us,2003
2003-11-24,TX,us,2003
2003-11-26,TX,us,2003
2003-12-03,TX,us,2003
2003-12-03,TX,us,2003
2003-12-04,TX,us,2003
2003-12-10,TX,us,2003
2003-12-11,TX,us,2003
2003-12-11,TX,us,2003
2003-12-11,TX,us,2003
2003-12-12,TX,us,2003
2003-12-15,TX,us,2003
2003-12-15,TX,us,2003
2003-12-16,TX,us,2003
2003-12-16,TX,us,2003
2003-12-17,TX,us,2003
2003-12-17,TX,us,2003
2003-12-19,TX,us,2003
2003-12-19,TX,us,2003
2003-12-21,TX,us,2003
2003-12-23,TX,us,2003
2003-12-30,TX,us,2003
2004-01-09,TX,us,2004
2004-01-12,TX,us,2004
2004-01-13,TX,us,2004
2004-01-21,TX,us,2004
2004-01-23,TX,us,2004
2004-01-26,TX,us,2004
2004-01-27,TX,us,2004
2004-01-27,TX,us,2004
2004-01-29,TX,us,2004
2004-02-02,TX,us,2004
2004-02-04,TX,us,2004
2004-02-05,TX,us,2004
2004-02-08,TX,us,2004
2004-02-15,TX,us,2004
2004-02-16,TX,us,2004
2004-02-18,TX,us,2004
2004-02-20,TX,us,2004
2004-02-21,TX,us,2004
2004-02-22,TX,us,2004
2004-02-23,TX,us,2004
2004-02-25,TX,us,2004
2004-02-26,TX,us,2004
2004-02-29,TX,us,2004
2004-03-06,TX,us,2004
2004-03-06,TX,us,2004
2004-03-15,TX,us,2004
2004-03-19,TX,us,2004
2004-03-25,TX,us,2004
2004-03-25,TX,us,2004
2004-03-30,TX,us,2004
2004-04-01,TX,us,2004
2004-04-01,TX,us,2004
2004-04-01,TX,us,2004
2004-04-07,TX,us,2004
2004-04-07,TX,us,2004
2004-04-07,TX,us,2004
2004-04-08,TX,us,2004
2004-04-13,TX,us,2004
2004-04-14,TX,us,2004
2004-04-14,TX,us,2004
2004-04-15,TX,us,2004
2004-04-17,TX,us,2004
2004-04-28,TX,us,2004
2004-04-30,TX,us,2004
2004-05-02,TX,us,2004
2004-05-02,TX,us,2004
2004-05-03,TX,us,2004
2004-05-04,TX,us,2004
2004-05-06,TX,us,2004
2004-05-07,TX,us,2004
2004-05-07,TX,us,2004
2004-05-12,TX,us,2004
2004-05-13,TX,us,2004
2004-05-19,TX,us,2004
2004-06-06,TX,us,2004
2004-06-10,TX,us,2004
2004-06-11,TX,us,2004
2004-06-13,TX,us,2004
2004-06-20,TX,us,2004
2004-06-21,TX,us,2004
2004-06-22,TX,us,2004
2004-06-24,TX,us,2004
2004-06-25,TX,us,2004
2004-06-26,TX,us,2004
2004-06-27,TX,us,2004
2004-06-27,TX,us,2004
2004-06-27,TX,us,2004
2004-06-27,TX,us,2004
2004-06-27,TX,us,2004
2004-07-03,TX,us,2004
2004-07-04,TX,us,2004
2004-07-04,TX,us,2004
2004-07-05,TX,us,2004
2004-07-05,TX,us,2004
2004-07-07,TX,us,2004
2004-07-07,TX,us,2004
2004-07-07,TX,us,2004
2004-07-08,TX,us,2004
2004-07-09,TX,us,2004
2004-07-11,TX,us,2004
2004-07-13,TX,us,2004
2004-07-13,TX,us,2004
2004-07-15,TX,us,2004
2004-07-15,TX,us,2004
2004-07-16,TX,us,2004
2004-07-22,TX,us,2004
2004-07-23,TX,us,2004
2004-07-23,TX,us,2004
2004-07-25,TX,us,2004
2004-07-31,TX,us,2004
2004-08-07,TX,us,2004
2004-08-07,TX,us,2004
2004-08-10,TX,us,2004
2004-08-12,TX,us,2004
2004-08-13,TX,us,2004
2004-08-15,TX,us,2004
2004-08-15,TX,us,2004
2004-08-21,TX,us,2004
2004-08-21,TX,us,2004
2004-08-22,TX,us,2004
2004-08-24,TX,us,2004
2004-08-25,TX,us,2004
2004-08-25,TX,us,2004
2004-08-25,TX,us,2004
2004-08-26,TX,us,2004
2004-08-27,TX,us,2004
2004-08-29,TX,us,2004
2004-09-03,TX,us,2004
2004-09-04,TX,us,2004
2004-09-04,TX,us,2004
2004-09-05,TX,us,2004
2004-09-05,TX,us,2004
2004-09-05,TX,us,2004
2004-09-05,TX,us,2004
2004-09-06,TX,us,2004
2004-09-06,TX,us,2004
2004-09-06,TX,us,2004
2004-09-08,TX,us,2004
2004-09-08,TX,us,2004
2004-09-14,TX,us,2004
2004-09-14,TX,us,2004
2004-09-15,TX,us,2004
2004-09-15,TX,us,2004
2004-09-17,TX,us,2004
2004-09-17,TX,us,2004
2004-09-20,TX,us,2004
2004-09-22,TX,us,2004
2004-10-09,TX,us,2004
2004-10-11,TX,us,2004
2004-10-13,TX,us,2004
2004-10-14,TX,us,2004
2004-10-15,TX,us,2004
2004-10-17,TX,us,2004
2004-10-21,TX,us,2004
2004-10-23,TX,us,2004
2004-10-28,TX,us,2004
2004-10-28,TX,us,2004
2004-10-29,TX,us,2004
2004-10-30,TX,us,2004
2004-11-04,TX,us,2004
2004-11-05,TX,us,2004
2004-11-06,TX,us,2004
2004-11-07,TX,us,2004
2004-11-08,TX,us,2004
2004-11-11,TX,us,2004
2004-11-12,TX,us,2004
2004-11-18,TX,us,2004
2004-11-23,TX,us,2004
2004-11-25,TX,us,2004
2004-11-27,TX,us,2004
2004-11-27,TX,us,2004
2004-11-27,TX,us,2004
2004-11-27,TX,us,2004
2004-12-01,TX,us,2004
2004-12-01,TX,us,2004
2004-12-02,TX,us,2004
2004-12-03,TX,us,2004
2004-12-07,TX,us,2004
2004-12-07,TX,us,2004
2004-12-09,TX,us,2004
2004-12-11,TX,us,2004
2004-12-11,TX,us,2004
2004-12-11,TX,us,2004
2004-12-11,TX,us,2004
2004-12-11,TX,us,2004
2004-12-12,TX,us,2004
2004-12-12,TX,us,2004
2004-12-12,TX,us,2004
2004-12-13,TX,us,2004
2004-12-14,TX,us,2004
2004-12-18,TX,us,2004
2004-12-23,TX,us,2004
2004-12-24,TX,us,2004
2004-12-25,TX,us,2004
2004-12-31,TX,us,2004
2005-01-06,TX,us,2005
2005-01-08,TX,us,2005
2005-01-10,TX,us,2005
2005-01-11,TX,us,2005
2005-01-13,TX,us,2005
2005-01-14,TX,us,2005
2005-01-15,TX,us,2005
2005-01-16,TX,us,2005
2005-01-16,TX,us,2005
2005-01-24,TX,us,2005
2005-01-24,TX,us,2005
2005-02-10,TX,us,2005
2005-02-13,TX,us,2005
2005-02-14,TX,us,2005
2005-02-19,TX,us,2005
2005-02-21,TX,us,2005
2005-02-25,TX,us,2005
2005-02-27,TX,us,2005
2005-03-01,TX,us,2005
2005-03-01,TX,us,2005
2005-03-05,TX,us,2005
2005-03-07,TX,us,2005
2005-03-08,TX,us,2005
2005-03-08,TX,us,2005
2005-03-09,TX,us,2005
2005-03-11,TX,us,2005
2005-03-15,TX,us,2005
2005-03-15,TX,us,2005
2005-03-17,TX,us,2005
2005-03-20,TX,us,2005
2005-03-20,TX,us,2005
2005-03-20,TX,us,2005
2005-03-24,TX,us,2005
2005-03-29,TX,us,2005
2005-03-31,TX,us,2005
2005-04-08,TX,us,2005
2005-04-09,TX,us,2005
2005-04-09,TX,us,2005
2005-04-09,TX,us,2005
2005-04-13,TX,us,2005
2005-04-16,TX,us,2005
2005-04-21,TX,us,2005
2005-04-22,TX,us,2005
2005-04-23,TX,us,2005
2005-04-29,TX,us,2005
2005-05-02,TX,us,2005
2005-05-04,TX,us,2005
2005-05-09,TX,us,2005
2005-05-13,TX,us,2005
2005-05-15,TX,us,2005
2005-05-17,TX,us,2005
2005-05-17,TX,us,2005
2005-05-19,TX,us,2005
2005-05-19,TX,us,2005
2005-05-21,TX,us,2005
2005-05-21,TX,us,2005
2005-05-21,TX,us,2005
2005-05-22,TX,us,2005
2005-05-24,TX,us,2005
2005-05-30,TX,us,2005
2005-05-31,TX,us,2005
2005-06-01,TX,us,2005
2005-06-03,TX,us,2005
2005-06-04,TX,us,2005
2005-06-13,TX,us,2005
2005-06-15,TX,us,2005
2005-06-17,TX,us,2005
2005-06-17,TX,us,2005
2005-06-18,TX,us,2005
2005-06-20,TX,us,2005
2005-06-23,TX,us,2005
2005-06-23,TX,us,2005
2005-06-23,TX,us,2005
2005-06-25,TX,us,2005
2005-06-26,TX,us,2005
2005-06-29,TX,us,2005
2005-06-30,TX,us,2005
2005-06-30,TX,us,2005
2005-06-30,TX,us,2005
2005-07-04,TX,us,2005
2005-07-05,TX,us,2005
2005-07-05,TX,us,2005
2005-07-06,TX,us,2005
2005-07-07,TX,us,2005
2005-07-07,TX,us,2005
2005-07-08,TX,us,2005
2005-07-13,TX,us,2005
2005-07-13,TX,us,2005
2005-07-15,TX,us,2005
2005-07-15,TX,us,2005
2005-07-15,TX,us,2005
2005-07-16,TX,us,2005
2005-07-16,TX,us,2005
2005-07-20,TX,us,2005
2005-07-23,TX,us,2005
2005-07-24,TX,us,2005
2005-07-26,TX,us,2005
2005-07-28,TX,us,2005
2005-07-30,TX,us,2005
2005-07-30,TX,us,2005
2005-08-02,TX,us,2005
2005-08-04,TX,us,2005
2005-08-05,TX,us,2005
2005-08-06,TX,us,2005
2005-08-06,TX,us,2005
2005-08-08,TX,us,2005
2005-08-10,TX,us,2005
2005-08-11,TX,us,2005
2005-08-12,TX,us,2005
2005-08-14,TX,us,2005
2005-08-15,TX,us,2005
2005-08-15,TX,us,2005
2005-08-16,TX,us,2005
2005-08-23,TX,us,2005
2005-08-26,TX,us,2005
2005-08-29,TX,us,2005
2005-08-29,TX,us,2005
2005-09-02,TX,us,2005
2005-09-05,TX,us,2005
2005-09-06,TX,us,2005
2005-09-09,TX,us,2005
2005-09-11,TX,us,2005
2005-09-12,TX,us,2005
2005-09-16,TX,us,2005
2005-09-16,TX,us,2005
2005-09-17,TX,us,2005
2005-09-17,TX,us,2005
2005-09-20,TX,us,2005
2005-09-22,TX,us,2005
2005-09-22,TX,us,2005
2005-09-23,TX,us,2005
2005-09-24,TX,us,2005
2005-09-27,TX,us,2005
2005-09-27,TX,us,2005
2005-09-30,TX,us,2005
2005-10-01,TX,us,2005
2005-10-02,TX,us,2005
2005-10-06,TX,us,2005
2005-10-09,TX,us,2005
2005-10-12,TX,us,2005
2005-10-13,TX,us,2005
2005-10-14,TX,us,2005
2005-10-14,TX,us,2005
2005-10-15,TX,us,2005
2005-10-15,TX,us,2005
2005-10-15,TX,us,2005
2005-10-15,TX,us,2005
2005-10-15,TX,us,2005
2005-10-16,TX,us,2005
2005-10-20,TX,us,2005
2005-10-23,TX,us,2005
2005-10-24,TX,us,2005
2005-10-24,TX,us,2005
2005-10-28,TX,us,2005
2005-10-28,TX,us,2005
2005-10-29,TX,us,2005
2005-10-31,TX,us,2005
2005-11-02,TX,us,2005
2005-11-02,TX,us,2005
2005-11-02,TX,us,2005
2005-11-03,TX,us,2005
2005-11-03,TX,us,2005
2005-11-04,TX,us,2005
2005-11-05,TX,us,2005
2005-11-05,TX,us,2005
2005-11-05,TX,us,2005
2005-11-05,TX,us,2005
2005-11-06,TX,us,2005
2005-11-06,TX,us,2005
2005-11-07,TX,us,2005
2005-11-07,TX,us,2005
2005-11-10,TX,us,2005
2005-11-14,TX,us,2005
2005-11-14,TX,us,2005
2005-11-14,TX,us,2005
2005-11-14,TX,us,2005
2005-11-15,TX,us,2005
2005-11-15,TX,us,2005
2005-11-17,TX,us,2005
2005-11-17,TX,us,2005
2005-11-18,TX,us,2005
2005-11-22,TX,us,2005
2005-11-23,TX,us,2005
2005-11-23,TX,us,2005
2005-11-28,TX,us,2005
2005-12-01,TX,us,2005
2005-12-06,TX,us,2005
2005-12-12,TX,us,2005
2005-12-21,TX,us,2005
2005-12-25,TX,us,2005
2005-12-27,TX,us,2005
2005-12-28,TX,us,2005
2005-12-30,TX,us,2005
2005-12-30,TX,us,2005
2006-01-02,TX,us,2006
2006-01-06,TX,us,2006
2006-01-06,TX,us,2006
2006-01-07,TX,us,2006
2006-01-16,TX,us,2006
2006-01-17,TX,us,2006
2006-01-19,TX,us,2006
2006-01-20,TX,us,2006
2006-01-21,TX,us,2006
2006-01-23,TX,us,2006
2006-01-24,TX,us,2006
2006-01-27,TX,us,2006
2006-01-29,TX,us,2006
2006-01-30,TX,us,2006
2006-02-05,TX,us,2006
2006-02-08,TX,us,2006
2006-02-11,TX,us,2006
2006-02-13,TX,us,2006
2006-02-13,TX,us,2006
2006-02-15,TX,us,2006
2006-02-17,TX,us,2006
2006-02-24,TX,us,2006
2006-02-27,TX,us,2006
2006-02-28,TX,us,2006
2006-02-28,TX,us,2006
2006-03-01,TX,us,2006
2006-03-06,TX,us,2006
2006-03-10,TX,us,2006
2006-03-11,TX,us,2006
2006-03-14,TX,us,2006
2006-03-14,TX,us,2006
2006-03-16,TX,us,2006
2006-03-22,TX,us,2006
2006-03-23,TX,us,2006
2006-03-23,TX,us,2006
2006-03-24,TX,us,2006
2006-04-01,TX,us,2006
2006-04-02,TX,us,2006
2006-04-02,TX,us,2006
2006-04-03,TX,us,2006
2006-04-05,TX,us,2006
2006-04-06,TX,us,2006
2006-04-09,TX,us,2006
2006-04-13,TX,us,2006
2006-04-14,TX,us,2006
2006-04-15,TX,us,2006
2006-04-15,TX,us,2006
2006-04-17,TX,us,2006
2006-04-21,TX,us,2006
2006-04-22,TX,us,2006
2006-04-23,TX,us,2006
2006-04-24,TX,us,2006
2006-04-26,TX,us,2006
2006-04-30,TX,us,2006
2006-04-30,TX,us,2006
2006-05-01,TX,us,2006
2006-05-03,TX,us,2006
2006-05-04,TX,us,2006
2006-05-11,TX,us,2006
2006-05-11,TX,us,2006
2006-05-12,TX,us,2006
2006-05-12,TX,us,2006
2006-05-12,TX,us,2006
2006-05-13,TX,us,2006
2006-05-13,TX,us,2006
2006-05-16,TX,us,2006
2006-05-20,TX,us,2006
2006-05-20,TX,us,2006
2006-05-23,TX,us,2006
2006-05-27,TX,us,2006
2006-05-28,TX,us,2006
2006-06-01,TX,us,2006
2006-06-01,TX,us,2006
2006-06-02,TX,us,2006
2006-06-05,TX,us,2006
2006-06-06,TX,us,2006
2006-06-07,TX,us,2006
2006-06-08,TX,us,2006
2006-06-09,TX,us,2006
2006-06-10,TX,us,2006
2006-06-11,TX,us,2006
2006-06-15,TX,us,2006
2006-06-16,TX,us,2006
2006-06-16,TX,us,2006
2006-06-17,TX,us,2006
2006-06-22,TX,us,2006
2006-06-23,TX,us,2006
2006-06-24,TX,us,2006
2006-06-27,TX,us,2006
2006-06-30,TX,us,2006
2006-06-30,TX,us,2006
2006-07-06,TX,us,2006
2006-07-07,TX,us,2006
2006-07-08,TX,us,2006
2006-07-08,TX,us,2006
2006-07-17,TX,us,2006
2006-07-23,TX,us,2006
2006-07-26,TX,us,2006
2006-07-29,TX,us,2006
2006-07-30,TX,us,2006
2006-07-30,TX,us,2006
2006-07-31,TX,us,2006
2006-08-01,TX,us,2006
2006-08-01,TX,us,2006
2006-08-01,TX,us,2006
2006-08-02,TX,us,2006
2006-08-04,TX,us,2006
2006-08-05,TX,us,2006
2006-08-05,TX,us,2006
2006-08-05,TX,us,2006
2006-08-08,TX,us,2006
2006-08-08,TX,us,2006
2006-08-08,TX,us,2006
2006-08-09,TX,us,2006
2006-08-09,TX,us,2006
2006-08-09,TX,us,2006
2006-08-10,TX,us,2006
2006-08-13,TX,us,2006
2006-08-14,TX,us,2006
2006-08-16,TX,us,2006
2006-08-16,TX,us,2006
2006-08-21,TX,us,2006
2006-08-22,TX,us,2006
2006-08-25,TX,us,2006
2006-08-29,TX,us,2006
2006-09-02,TX,us,2006
2006-09-02,TX,us,2006
2006-09-02,TX,us,2006
2006-09-02,TX,us,2006
2006-09-11,TX,us,2006
2006-09-13,TX,us,2006
2006-09-13,TX,us,2006
2006-09-13,TX,us,2006
2006-09-15,TX,us,2006
2006-09-15,TX,us,2006
2006-09-19,TX,us,2006
2006-09-19,TX,us,2006
2006-09-20,TX,us,2006
2006-09-20,TX,us,2006
2006-09-21,TX,us,2006
2006-09-22,TX,us,2006
2006-09-24,TX,us,2006
2006-09-25,TX,us,2006
2006-09-27,TX,us,2006
2006-09-27,TX,us,2006
2006-09-28,TX,us,2006
2006-09-28,TX,us,2006
2006-09-29,TX,us,2006
2006-10-01,TX,us,2006
2006-10-02,TX,us,2006
2006-10-06,TX,us,2006
2006-10-07,TX,us,2006
2006-10-10,TX,us,2006
2006-10-10,TX,us,2006
2006-10-11,TX,us,2006
2006-10-13,TX,us,2006
2006-10-16,TX,us,2006
2006-10-16,TX,us,2006
2006-10-22,TX,us,2006
2006-10-22,TX,us,2006
2006-10-22,TX,us,2006
2006-10-23,TX,us,2006
2006-10-27,TX,us,2006
2006-10-28,TX,us,2006
2006-10-28,TX,us,2006
2006-11-01,TX,us,2006
2006-11-01,TX,us,2006
2006-11-04,TX,us,2006
2006-11-05,TX,us,2006
2006-11-06,TX,us,2006
2006-11-06,TX,us,2006
2006-11-08,TX,us,2006
2006-11-08,TX,us,2006
2006-11-08,TX,us,2006
2006-11-08,TX,us,2006
2006-11-08,TX,us,2006
2006-11-08,TX,us,2006
2006-11-09,TX,us,2006
2006-11-09,TX,us,2006
2006-11-10,TX,us,2006
2006-11-11,TX,us,2006
2006-11-15,TX,us,2006
2006-11-16,TX,us,2006
2006-11-17,TX,us,2006
2006-11-24,TX,us,2006
2006-11-25,TX,us,2006
2006-11-26,TX,us,2006
2006-12-01,TX,us,2006
2006-12-04,TX,us,2006
2006-12-06,TX,us,2006
2006-12-16,TX,us,2006
2006-12-16,TX,us,2006
2006-12-27,TX,us,2006
2007-01-01,TX,us,2007
2007-01-03,TX,us,2007
2007-01-04,TX,us,2007
2007-01-07,TX,us,2007
2007-01-07,TX,us,2007
2007-01-08,TX,us,2007
2007-01-10,TX,us,2007
2007-01-12,TX,us,2007
2007-01-13,TX,us,2007
2007-01-16,TX,us,2007
2007-01-18,TX,us,2007
2007-01-18,TX,us,2007
2007-01-24,TX,us,2007
2007-01-25,TX,us,2007
2007-01-27,TX,us,2007
2007-02-03,TX,us,2007
2007-02-06,TX,us,2007
2007-02-07,TX,us,2007
2007-02-17,TX,us,2007
2007-02-18,TX,us,2007
2007-02-24,TX,us,2007
2007-03-01,TX,us,2007
2007-03-01,TX,us,2007
2007-03-02,TX,us,2007
2007-03-02,TX,us,2007
2007-03-05,TX,us,2007
2007-03-06,TX,us,2007
2007-03-06,TX,us,2007
2007-03-07,TX,us,2007
2007-03-08,TX,us,2007
2007-03-08,TX,us,2007
2007-03-08,TX,us,2007
2007-03-09,TX,us,2007
2007-03-14,TX,us,2007
2007-03-15,TX,us,2007
2007-03-16,TX,us,2007
2007-03-17,TX,us,2007
2007-03-21,TX,us,2007
2007-03-22,TX,us,2007
2007-03-31,TX,us,2007
2007-04-05,TX,us,2007
2007-04-11,TX,us,2007
2007-04-11,TX,us,2007
2007-04-22,TX,us,2007
2007-04-26,TX,us,2007
2007-04-28,TX,us,2007
2007-05-05,TX,us,2007
2007-05-06,TX,us,2007
2007-05-16,TX,us,2007
2007-05-16,TX,us,2007
2007-05-18,TX,us,2007
2007-05-18,TX,us,2007
2007-05-18,TX,us,2007
2007-05-21,TX,us,2007
2007-05-22,TX,us,2007
2007-05-23,TX,us,2007
2007-05-24,TX,us,2007
2007-05-27,TX,us,2007
2007-06-03,TX,us,2007
2007-06-04,TX,us,2007
2007-06-06,TX,us,2007
2007-06-10,TX,us,2007
2007-06-13,TX,us,2007
2007-06-13,TX,us,2007
2007-06-13,TX,us,2007
2007-06-14,TX,us,2007
2007-06-18,TX,us,2007
2007-06-21,TX,us,2007
2007-06-24,TX,us,2007
2007-06-30,TX,us,2007
2007-07-01,TX,us,2007
2007-07-04,TX,us,2007
2007-07-04,TX,us,2007
2007-07-06,TX,us,2007
2007-07-15,TX,us,2007
2007-07-18,TX,us,2007
2007-07-19,TX,us,2007
2007-07-19,TX,us,2007
2007-07-20,TX,us,2007
2007-07-22,TX,us,2007
2007-07-23,TX,us,2007
2007-07-26,TX,us,2007
2007-07-26,TX,us,2007
2007-07-27,TX,us,2007
2007-07-28,TX,us,2007
2007-07-30,TX,us,2007
2007-08-03,TX,us,2007
2007-08-03,TX,us,2007
2007-08-03,TX,us,2007
2007-08-04,TX,us,2007
2007-08-04,TX,us,2007
2007-08-06,TX,us,2007
2007-08-08,TX,us,2007
2007-08-09,TX,us,2007
2007-08-10,TX,us,2007
2007-08-11,TX,us,2007
2007-08-13,TX,us,2007
2007-08-13,TX,us,2007
2007-08-13,TX,us,2007
2007-08-15,TX,us,2007
2007-08-15,TX,us,2007
2007-08-16,TX,us,2007
2007-08-22,TX,us,2007
2007-08-24,TX,us,2007
2007-08-25,TX,us,2007
2007-08-27,TX,us,2007
2007-09-01,TX,us,2007
2007-09-05,TX,us,2007
2007-09-07,TX,us,2007
2007-09-09,TX,us,2007
2007-09-10,TX,us,2007
2007-09-10,TX,us,2007
2007-09-11,TX,us,2007
2007-09-14,TX,us,2007
2007-09-21,TX,us,2007
2007-09-25,TX,us,2007
2007-09-27,TX,us,2007
2007-09-28,TX,us,2007
2007-10-01,TX,us,2007
2007-10-02,TX,us,2007
2007-10-03,TX,us,2007
2007-10-05,TX,us,2007
2007-10-05,TX,us,2007
2007-10-05,TX,us,2007
2007-10-07,TX,us,2007
2007-10-09,TX,us,2007
2007-10-10,TX,us,2007
2007-10-10,TX,us,2007
2007-10-10,TX,us,2007
2007-10-12,TX,us,2007
2007-10-13,TX,us,2007
2007-10-17,TX,us,2007
2007-10-18,TX,us,2007
2007-10-19,TX,us,2007
2007-10-19,TX,us,2007
2007-10-19,TX,us,2007
2007-10-19,TX,us,2007
2007-10-19,TX,us,2007
2007-10-19,TX,us,2007
2007-10-19,TX,us,2007
2007-10-19,TX,us,2007
2007-10-20,TX,us,2007
2007-10-22,TX,us,2007
2007-10-24,TX,us,2007
2007-10-24,TX,us,2007
2007-10-25,TX,us,2007
2007-10-25,TX,us,2007
2007-10-26,TX,us,2007
2007-10-27,TX,us,2007
2007-10-27,TX,us,2007
2007-10-28,TX,us,2007
2007-10-30,TX,us,2007
2007-11-02,TX,us,2007
2007-11-03,TX,us,2007
2007-11-04,TX,us,2007
2007-11-08,TX,us,2007
2007-11-09,TX,us,2007
2007-11-09,TX,us,2007
2007-11-10,TX,us,2007
2007-11-11,TX,us,2007
2007-11-13,TX,us,2007
2007-11-13,TX,us,2007
2007-11-15,TX,us,2007
2007-11-16,TX,us,2007
2007-11-18,TX,us,2007
2007-11-18,TX,us,2007
2007-11-19,TX,us,2007
2007-11-21,TX,us,2007
2007-11-26,TX,us,2007
2007-11-26,TX,us,2007
2007-11-27,TX,us,2007
2007-11-27,TX,us,2007
2007-11-27,TX,us,2007
2007-11-28,TX,us,2007
2007-12-01,TX,us,2007
2007-12-04,TX,us,2007
2007-12-04,TX,us,2007
2007-12-04,TX,us,2007
2007-12-07,TX,us,2007
2007-12-17,TX,us,2007
2007-12-19,TX,us,2007
2007-12-20,TX,us,2007
2007-12-21,TX,us,2007
2007-12-24,TX,us,2007
2007-12-27,TX,us,2007
2007-12-28,TX,us,2007
2007-12-28,TX,us,2007
2007-12-29,TX,us,2007
2007-12-31,TX,us,2007
2007-12-31,TX,us,2007
2007-12-31,TX,us,2007
2008-01-01,TX,us,2008
2008-01-01,TX,us,2008
2008-01-04,TX,us,2008
2008-01-04,TX,us,2008
2008-01-04,TX,us,2008
2008-01-05,TX,us,2008
2008-01-05,TX,us,2008
2008-01-06,TX,us,2008
2008-01-08,TX,us,2008
2008-01-08,TX,us,2008
2008-01-08,TX,us,2008
2008-01-08,TX,us,2008
2008-01-08,TX,us,2008
2008-01-08,TX,us,2008
2008-01-08,TX,us,2008
2008-01-08,TX,us,2008
2008-01-08,TX,us,2008
2008-01-09,TX,us,2008
2008-01-09,TX,us,2008
2008-01-11,TX,us,2008
2008-01-13,TX,us,2008
2008-01-14,TX,us,2008
2008-01-14,TX,us,2008
2008-01-14,TX,us,2008
2008-01-15,TX,us,2008
2008-01-15,TX,us,2008
2008-01-17,TX,us,2008
2008-01-17,TX,us,2008
2008-01-18,TX,us,2008
2008-01-18,TX,us,2008
2008-01-18,TX,us,2008
2008-01-20,TX,us,2008
2008-01-20,TX,us,2008
2008-01-20,TX,us,2008
2008-01-22,TX,us,2008
2008-01-23,TX,us,2008
2008-01-24,TX,us,2008
2008-01-28,TX,us,2008
2008-01-29,TX,us,2008
2008-01-29,TX,us,2008
2008-01-30,TX,us,2008
2008-01-31,TX,us,2008
2008-02-01,TX,us,2008
2008-02-02,TX,us,2008
2008-02-04,TX,us,2008
2008-02-04,TX,us,2008
2008-02-06,TX,us,2008
2008-02-08,TX,us,2008
2008-02-08,TX,us,2008
2008-02-08,TX,us,2008
2008-02-08,TX,us,2008
2008-02-09,TX,us,2008
2008-02-10,TX,us,2008
2008-02-12,TX,us,2008
2008-02-12,TX,us,2008
2008-02-12,TX,us,2008
2008-02-13,TX,us,2008
2008-02-17,TX,us,2008
2008-02-21,TX,us,2008
2008-02-21,TX,us,2008
2008-02-23,TX,us,2008
2008-02-23,TX,us,2008
2008-02-24,TX,us,2008
2008-02-25,TX,us,2008
2008-02-26,TX,us,2008
2008-02-27,TX,us,2008
2008-02-27,TX,us,2008
2008-02-27,TX,us,2008
2008-02-28,TX,us,2008
2008-03-05,TX,us,2008
2008-03-07,TX,us,2008
2008-03-08,TX,us,2008
2008-03-08,TX,us,2008
2008-03-19,TX,us,2008
2008-03-20,TX,us,2008
2008-03-20,TX,us,2008
2008-03-22,TX,us,2008
2008-03-22,TX,us,2008
2008-03-24,TX,us,2008
2008-03-25,TX,us,2008
2008-03-25,TX,us,2008
2008-03-25,TX,us,2008
2008-03-28,TX,us,2008
2008-04-01,TX,us,2008
2008-04-03,TX,us,2008
2008-04-03,TX,us,2008
2008-04-07,TX,us,2008
2008-04-10,TX,us,2008
2008-04-10,TX,us,2008
2008-04-10,TX,us,2008
2008-04-11,TX,us,2008
2008-04-12,TX,us,2008
2008-04-16,TX,us,2008
2008-04-17,TX,us,2008
2008-04-18,TX,us,2008
2008-04-19,TX,us,2008
2008-04-22,TX,us,2008
2008-04-25,TX,us,2008
2008-04-26,TX,us,2008
2008-04-26,TX,us,2008
2008-04-26,TX,us,2008
2008-04-27,TX,us,2008
2008-04-28,TX,us,2008
2008-04-29,TX,us,2008
2008-04-30,TX,us,2008
2008-05-02,TX,us,2008
2008-05-02,TX,us,2008
2008-05-03,TX,us,2008
2008-05-03,TX,us,2008
2008-05-04,TX,us,2008
2008-05-04,TX,us,2008
2008-05-06,TX,us,2008
2008-05-07,TX,us,2008
2008-05-11,TX,us,2008
2008-05-11,TX,us,2008
2008-05-12,TX,us,2008
2008-05-17,TX,us,2008
2008-05-20,TX,us,2008
2008-05-22,TX,us,2008
2008-05-27,TX,us,2008
2008-05-28,TX,us,2008
2008-05-29,TX,us,2008
2008-05-30,TX,us,2008
2008-05-30,TX,us,2008
2008-06-01,TX,us,2008
2008-06-07,TX,us,2008
2008-06-07,TX,us,2008
2008-06-08,TX,us,2008
2008-06-09,TX,us,2008
2008-06-10,TX,us,2008
2008-06-10,TX,us,2008
2008-06-10,TX,us,2008
2008-06-11,TX,us,2008
2008-06-12,TX,us,2008
2008-06-12,TX,us,2008
2008-06-12,TX,us,2008
2008-06-12,TX,us,2008
2008-06-13,TX,us,2008
2008-06-14,TX,us,2008
2008-06-14,TX,us,2008
2008-06-14,TX,us,2008
2008-06-22,TX,us,2008
2008-06-22,TX,us,2008
2008-06-24,TX,us,2008
2008-06-26,TX,us,2008
2008-06-27,TX,us,2008
2008-06-27,TX,us,2008
2008-06-28,TX,us,2008
2008-06-28,TX,us,2008
2008-06-30,TX,us,2008
2008-07-02,TX,us,2008
2008-07-02,TX,us,2008
2008-07-03,TX,us,2008
2008-07-03,TX,us,2008
2008-07-04,TX,us,2008
2008-07-04,TX,us,2008
2008-07-05,TX,us,2008
2008-07-06,TX,us,2008
2008-07-07,TX,us,2008
2008-07-10,TX,us,2008
2008-07-10,TX,us,2008
2008-07-11,TX,us,2008
2008-07-11,TX,us,2008
2008-07-12,TX,us,2008
2008-07-12,TX,us,2008
2008-07-12,TX,us,2008
2008-07-13,TX,us,2008
2008-07-16,TX,us,2008
2008-07-17,TX,us,2008
2008-07-18,TX,us,2008
2008-07-20,TX,us,2008
2008-07-24,TX,us,2008
2008-07-25,TX,us,2008
2008-07-27,TX,us,2008
2008-07-27,TX,us,2008
2008-07-28,TX,us,2008
2008-08-01,TX,us,2008
2008-08-02,TX,us,2008
2008-08-04,TX,us,2008
2008-08-06,TX,us,2008
2008-08-07,TX,us,2008
2008-08-07,TX,us,2008
2008-08-07,TX,us,2008
2008-08-08,TX,us,2008
2008-08-08,TX,us,2008
2008-08-08,TX,us,2008
2008-08-08,TX,us,2008
2008-08-09,TX,us,2008
2008-08-09,TX,us,2008
2008-08-10,TX,us,2008
2008-08-10,TX,us,2008
2008-08-10,TX,us,2008
2008-08-11,TX,us,2008
2008-08-13,TX,us,2008
2008-08-14,TX,us,2008
2008-08-14,TX,us,2008
2008-08-14,TX,us,2008
2008-08-17,TX,us,2008
2008-08-17,TX,us,2008
2008-08-18,TX,us,2008
2008-08-20,TX,us,2008
2008-08-21,TX,us,2008
2008-08-22,TX,us,2008
2008-08-25,TX,us,2008
2008-08-26,TX,us,2008
2008-08-27,TX,us,2008
2008-08-27,TX,us,2008
2008-08-27,TX,us,2008
2008-08-27,TX,us,2008
2008-08-27,TX,us,2008
2008-09-01,TX,us,2008
2008-09-03,TX,us,2008
2008-09-05,TX,us,2008
2008-09-05,TX,us,2008
2008-09-09,TX,us,2008
2008-09-09,TX,us,2008
2008-09-12,TX,us,2008
2008-09-14,TX,us,2008
2008-09-15,TX,us,2008
2008-09-17,TX,us,2008
2008-09-19,TX,us,2008
2008-09-20,TX,us,2008
2008-09-21,TX,us,2008
2008-09-25,TX,us,2008
2008-09-26,TX,us,2008
2008-09-27,TX,us,2008
2008-09-28,TX,us,2008
2008-09-29,TX,us,2008
2008-09-29,TX,us,2008
2008-09-29,TX,us,2008
2008-09-30,TX,us,2008
2008-09-30,TX,us,2008
2008-10-01,TX,us,2008
2008-10-01,TX,us,2008
2008-10-01,TX,us,2008
2008-10-01,TX,us,2008
2008-10-02,TX,us,2008
2008-10-02,TX,us,2008
2008-10-06,TX,us,2008
2008-10-08,TX,us,2008
2008-10-09,TX,us,2008
2008-10-09,TX,us,2008
2008-10-09,TX,us,2008
2008-10-09,TX,us,2008
2008-10-11,TX,us,2008
2008-10-11,TX,us,2008
2008-10-12,TX,us,2008
2008-10-14,TX,us,2008
2008-10-16,TX,us,2008
2008-10-17,TX,us,2008
2008-10-17,TX,us,2008
2008-10-18,TX,us,2008
2008-10-18,TX,us,2008
2008-10-18,TX,us,2008
2008-10-19,TX,us,2008
2008-10-20,TX,us,2008
2008-10-21,TX,us,2008
2008-10-21,TX,us,2008
2008-10-22,TX,us,2008
2008-10-23,TX,us,2008
2008-10-23,TX,us,2008
2008-10-23,TX,us,2008
2008-10-23,TX,us,2008
2008-10-23,TX,us,2008
2008-10-23,TX,us,2008
2008-10-24,TX,us,2008
2008-10-24,TX,us,2008
2008-10-26,TX,us,2008
2008-10-27,TX,us,2008
2008-10-27,TX,us,2008
2008-10-27,TX,us,2008
2008-10-27,TX,us,2008
2008-10-28,TX,us,2008
2008-10-28,TX,us,2008
2008-10-28,TX,us,2008
2008-10-28,TX,us,2008
2008-10-28,TX,us,2008
2008-10-28,TX,us,2008
2008-10-28,TX,us,2008
2008-10-28,TX,us,2008
2008-10-28,TX,us,2008
2008-10-29,TX,us,2008
2008-10-30,TX,us,2008
2008-10-30,TX,us,2008
2008-11-02,TX,us,2008
2008-11-06,TX,us,2008
2008-11-06,TX,us,2008
2008-11-06,TX,us,2008
2008-11-08,TX,us,2008
2008-11-09,TX,us,2008
2008-11-09,TX,us,2008
2008-11-10,TX,us,2008
2008-11-11,TX,us,2008
2008-11-11,TX,us,2008
2008-11-13,TX,us,2008
2008-11-13,TX,us,2008
2008-11-14,TX,us,2008
2008-11-15,TX,us,2008
2008-11-17,TX,us,2008
2008-11-17,TX,us,2008
2008-11-17,TX,us,2008
2008-11-17,TX,us,2008
2008-11-18,TX,us,2008
2008-11-19,TX,us,2008
2008-11-20,TX,us,2008
2008-11-20,TX,us,2008
2008-11-20,TX,us,2008
2008-11-20,TX,us,2008
2008-11-21,TX,us,2008
2008-11-21,TX,us,2008
2008-11-23,TX,us,2008
2008-11-24,TX,us,2008
2008-11-25,TX,us,2008
2008-11-27,TX,us,2008
2008-11-27,TX,us,2008
2008-11-27,TX,us,2008
2008-11-28,TX,us,2008
2008-11-29,TX,us,2008
2008-11-29,TX,us,2008
2008-11-30,TX,us,2008
2008-12-01,TX,us,2008
2008-12-03,TX,us,2008
2008-12-05,TX,us,2008
2008-12-05,TX,us,2008
2008-12-06,TX,us,2008
2008-12-06,TX,us,2008
2008-12-09,TX,us,2008
2008-12-10,TX,us,2008
2008-12-16,TX,us,2008
2008-12-20,TX,us,2008
2008-12-20,TX,us,2008
2008-12-20,TX,us,2008
2008-12-25,TX,us,2008
2008-12-30,TX,us,2008
2008-12-31,TX,us,2008
2008-12-31,TX,us,2008
2009-01-01,TX,us,2009
2009-01-02,TX,us,2009
2009-01-06,TX,us,2009
2009-01-07,TX,us,2009
2009-01-08,TX,us,2009
2009-01-10,TX,us,2009
2009-01-13,TX,us,2009
2009-01-14,TX,us,2009
2009-01-15,TX,us,2009
2009-01-17,TX,us,2009
2009-01-17,TX,us,2009
2009-01-18,TX,us,2009
2009-01-18,TX,us,2009
2009-01-18,TX,us,2009
2009-01-19,TX,us,2009
2009-01-22,TX,us,2009
2009-01-23,TX,us,2009
2009-01-23,TX,us,2009
2009-01-23,TX,us,2009
2009-01-24,TX,us,2009
2009-01-27,TX,us,2009
2009-01-28,TX,us,2009
2009-01-29,TX,us,2009
2009-01-29,TX,us,2009
2009-01-29,TX,us,2009
2009-01-29,TX,us,2009
2009-01-29,TX,us,2009
2009-01-30,TX,us,2009
2009-01-30,TX,us,2009
2009-01-31,TX,us,2009
2009-01-31,TX,us,2009
2009-02-01,TX,us,2009
2009-02-01,TX,us,2009
2009-02-01,TX,us,2009
2009-02-02,TX,us,2009
2009-02-02,TX,us,2009
2009-02-03,TX,us,2009
2009-02-03,TX,us,2009
2009-02-03,TX,us,2009
2009-02-04,TX,us,2009
2009-02-04,TX,us,2009
2009-02-05,TX,us,2009
2009-02-06,TX,us,2009
2009-02-10,TX,us,2009
2009-02-13,TX,us,2009
2009-02-14,TX,us,2009
2009-02-15,TX,us,2009
2009-02-15,TX,us,2009
2009-02-18,TX,us,2009
2009-02-21,TX,us,2009
2009-02-21,TX,us,2009
2009-02-22,TX,us,2009
2009-02-22,TX,us,2009
2009-02-23,TX,us,2009
2009-02-26,TX,us,2009
2009-02-26,TX,us,2009
2009-03-01,TX,us,2009
2009-03-02,TX,us,2009
2009-03-05,TX,us,2009
2009-03-06,TX,us,2009
2009-03-08,TX,us,2009
2009-03-08,TX,us,2009
2009-03-16,TX,us,2009
2009-03-22,TX,us,2009
2009-03-30,TX,us,2009
2009-03-31,TX,us,2009
2009-04-02,TX,us,2009
2009-04-05,TX,us,2009
2009-04-07,TX,us,2009
2009-04-07,TX,us,2009
2009-04-07,TX,us,2009
2009-04-13,TX,us,2009
2009-04-13,TX,us,2009
2009-04-13,TX,us,2009
2009-04-18,TX,us,2009
2009-04-19,TX,us,2009
2009-04-20,TX,us,2009
2009-04-20,TX,us,2009
2009-04-20,TX,us,2009
2009-04-30,TX,us,2009
2009-04-30,TX,us,2009
2009-05-02,TX,us,2009
2009-05-10,TX,us,2009
2009-05-14,TX,us,2009
2009-05-15,TX,us,2009
2009-05-21,TX,us,2009
2009-05-23,TX,us,2009
2009-05-24,TX,us,2009
2009-05-25,TX,us,2009
2009-05-25,TX,us,2009
2009-05-25,TX,us,2009
2009-05-25,TX,us,2009
2009-05-27,TX,us,2009
2009-05-28,TX,us,2009
2009-05-30,TX,us,2009
2009-05-30,TX,us,2009
2009-06-01,TX,us,2009
2009-06-01,TX,us,2009
2009-06-01,TX,us,2009
2009-06-02,TX,us,2009
2009-06-02,TX,us,2009
2009-06-04,TX,us,2009
2009-06-05,TX,us,2009
2009-06-07,TX,us,2009
2009-06-09,TX,us,2009
2009-06-18,TX,us,2009
2009-06-19,TX,us,2009
2009-06-19,TX,us,2009
2009-06-21,TX,us,2009
2009-06-22,TX,us,2009
2009-06-23,TX,us,2009
2009-06-23,TX,us,2009
2009-06-24,TX,us,2009
2009-06-24,TX,us,2009
2009-06-24,TX,us,2009
2009-06-24,TX,us,2009
2009-06-28,TX,us,2009
2009-06-28,TX,us,2009
2009-06-30,TX,us,2009
2009-06-30,TX,us,2009
2009-06-30,TX,us,2009
2009-06-30,TX,us,2009
2009-07-01,TX,us,2009
2009-07-04,TX,us,2009
2009-07-04,TX,us,2009
2009-07-04,TX,us,2009
2009-07-05,TX,us,2009
2009-07-05,TX,us,2009
2009-07-07,TX,us,2009
2009-07-10,TX,us,2009
2009-07-14,TX,us,2009
2009-07-16,TX,us,2009
2009-07-16,TX,us,2009
2009-07-17,TX,us,2009
2009-07-18,TX,us,2009
2009-07-18,TX,us,2009
2009-07-18,TX,us,2009
2009-07-22,TX,us,2009
2009-07-24,TX,us,2009
2009-07-24,TX,us,2009
2009-07-25,TX,us,2009
2009-07-27,TX,us,2009
2009-07-29,TX,us,2009
2009-07-30,TX,us,2009
2009-08-03,TX,us,2009
2009-08-03,TX,us,2009
2009-08-06,TX,us,2009
2009-08-09,TX,us,2009
2009-08-10,TX,us,2009
2009-08-11,TX,us,2009
2009-08-12,TX,us,2009
2009-08-13,TX,us,2009
2009-08-15,TX,us,2009
2009-08-21,TX,us,2009
2009-08-21,TX,us,2009
2009-08-22,TX,us,2009
2009-08-23,TX,us,2009
2009-08-24,TX,us,2009
2009-08-27,TX,us,2009
2009-08-27,TX,us,2009
2009-08-28,TX,us,2009
2009-09-01,TX,us,2009
2009-09-04,TX,us,2009
2009-09-05,TX,us,2009
2009-09-06,TX,us,2009
2009-09-06,TX,us,2009
2009-09-08,TX,us,2009
2009-09-08,TX,us,2009
2009-09-09,TX,us,2009
2009-09-15,TX,us,2009
2009-09-16,TX,us,2009
2009-09-17,TX,us,2009
2009-09-20,TX,us,2009
2009-09-20,TX,us,2009
2009-09-21,TX,us,2009
2009-09-22,TX,us,2009
2009-09-25,TX,us,2009
2009-09-26,TX,us,2009
2009-09-26,TX,us,2009
2009-09-27,TX,us,2009
2009-09-28,TX,us,2009
2009-09-29,TX,us,2009
2009-09-30,TX,us,2009
2009-10-03,TX,us,2009
2009-10-09,TX,us,2009
2009-10-11,TX,us,2009
2009-10-12,TX,us,2009
2009-10-15,TX,us,2009
2009-10-16,TX,us,2009
2009-10-16,TX,us,2009
2009-10-17,TX,us,2009
2009-10-17,TX,us,2009
2009-10-17,TX,us,2009
2009-10-19,TX,us,2009
2009-10-22,TX,us,2009
2009-10-25,TX,us,2009
2009-10-27,TX,us,2009
2009-10-27,TX,us,2009
2009-10-30,TX,us,2009
2009-10-31,TX,us,2009
2009-11-01,TX,us,2009
2009-11-01,TX,us,2009
2009-11-02,TX,us,2009
2009-11-05,TX,us,2009
2009-11-06,TX,us,2009
2009-11-10,TX,us,2009
2009-11-12,TX,us,2009
2009-11-12,TX,us,2009
2009-11-13,TX,us,2009
2009-11-15,TX,us,2009
2009-11-15,TX,us,2009
2009-11-16,TX,us,2009
2009-11-18,TX,us,2009
2009-11-19,TX,us,2009
2009-11-26,TX,us,2009
2009-11-27,TX,us,2009
2009-12-09,TX,us,2009
2009-12-13,TX,us,2009
2009-12-14,TX,us,2009
2009-12-15,TX,us,2009
2009-12-16,TX,us,2009
2009-12-23,TX,us,2009
2009-12-25,TX,us,2009
2009-12-25,TX,us,2009
2009-12-26,TX,us,2009
2009-12-31,TX,us,2009
2009-12-31,TX,us,2009
2009-12-31,TX,us,2009
2010-01-04,TX,us,2010
2010-01-08,TX,us,2010
2010-01-08,TX,us,2010
2010-01-10,TX,us,2010
2010-01-21,TX,us,2010
2010-01-22,TX,us,2010
2010-01-26,TX,us,2010
2010-01-28,TX,us,2010
2010-01-29,TX,us,2010
2010-02-05,TX,us,2010
2010-02-06,TX,us,2010
2010-02-09,TX,us,2010
2010-02-12,TX,us,2010
2010-02-12,TX,us,2010
2010-02-13,TX,us,2010
2010-02-14,TX,us,2010
2010-02-16,TX,us,2010
2010-02-16,TX,us,2010
2010-02-16,TX,us,2010
2010-02-16,TX,us,2010
2010-02-21,TX,us,2010
2010-02-23,TX,us,2010
2010-02-24,TX,us,2010
2010-02-27,TX,us,2010
2010-02-27,TX,us,2010
2010-03-01,TX,us,2010
2010-03-02,TX,us,2010
2010-03-04,TX,us,2010
2010-03-05,TX,us,2010
2010-03-09,TX,us,2010
2010-03-09,TX,us,2010
2010-03-22,TX,us,2010
2010-03-23,TX,us,2010
2010-03-25,TX,us,2010
2010-03-29,TX,us,2010
2010-03-31,TX,us,2010
2010-03-31,TX,us,2010
2010-04-03,TX,us,2010
2010-04-08,TX,us,2010
2010-04-08,TX,us,2010
2010-04-08,TX,us,2010
2010-04-08,TX,us,2010
2010-04-09,TX,us,2010
2010-04-10,TX,us,2010
2010-04-10,TX,us,2010
2010-04-12,TX,us,2010
2010-04-15,TX,us,2010
2010-04-20,TX,us,2010
2010-04-24,TX,us,2010
2010-04-24,TX,us,2010
2010-04-24,TX,us,2010
2010-04-25,TX,us,2010
2010-04-25,TX,us,2010
2010-05-01,TX,us,2010
2010-05-02,TX,us,2010
2010-05-04,TX,us,2010
2010-05-04,TX,us,2010
2010-05-05,TX,us,2010
2010-05-05,TX,us,2010
2010-05-12,TX,us,2010
2010-05-20,TX,us,2010
2010-05-21,TX,us,2010
2010-05-22,TX,us,2010
2010-05-23,TX,us,2010
2010-05-26,TX,us,2010
2010-06-04,TX,us,2010
2010-06-06,TX,us,2010
2010-06-09,TX,us,2010
2010-06-13,TX,us,2010
2010-06-18,TX,us,2010
2010-06-18,TX,us,2010
2010-06-19,TX,us,2010
2010-06-19,TX,us,2010
2010-06-19,TX,us,2010
2010-06-20,TX,us,2010
2010-06-26,TX,us,2010
2010-06-27,TX,us,2010
2010-06-28,TX,us,2010
2010-06-29,TX,us,2010
2010-07-03,TX,us,2010
2010-07-04,TX,us,2010
2010-07-04,TX,us,2010
2010-07-04,TX,us,2010
2010-07-04,TX,us,2010
2010-07-05,TX,us,2010
2010-07-07,TX,us,2010
2010-07-10,TX,us,2010
2010-07-10,TX,us,2010
2010-07-12,TX,us,2010
2010-07-12,TX,us,2010
2010-07-15,TX,us,2010
2010-07-15,TX,us,2010
2010-07-21,TX,us,2010
2010-07-25,TX,us,2010
2010-07-28,TX,us,2010
2010-07-28,TX,us,2010
2010-07-29,TX,us,2010
2010-07-31,TX,us,2010
2010-08-02,TX,us,2010
2010-08-03,TX,us,2010
2010-08-04,TX,us,2010
2010-08-05,TX,us,2010
2010-08-05,TX,us,2010
2010-08-08,TX,us,2010
2010-08-09,TX,us,2010
2010-08-10,TX,us,2010
2010-08-11,TX,us,2010
2010-08-12,TX,us,2010
2010-08-13,TX,us,2010
2010-08-14,TX,us,2010
2010-08-15,TX,us,2010
2010-08-15,TX,us,2010
2010-08-17,TX,us,2010
2010-08-21,TX,us,2010
2010-08-22,TX,us,2010
2010-08-22,TX,us,2010
2010-08-26,TX,us,2010
2010-08-31,TX,us,2010
2010-09-01,TX,us,2010
2010-09-06,TX,us,2010
2010-09-06,TX,us,2010
2010-09-09,TX,us,2010
2010-09-11,TX,us,2010
2010-09-12,TX,us,2010
2010-09-12,TX,us,2010
2010-09-12,TX,us,2010
2010-09-13,TX,us,2010
2010-09-13,TX,us,2010
2010-09-13,TX,us,2010
2010-09-13,TX,us,2010
2010-09-14,TX,us,2010
2010-09-14,TX,us,2010
2010-09-17,TX,us,2010
2010-09-23,TX,us,2010
2010-09-24,TX,us,2010
2010-09-24,TX,us,2010
2010-09-25,TX,us,2010
2010-09-25,TX,us,2010
2010-09-27,TX,us,2010
2010-09-28,TX,us,2010
2010-09-29,TX,us,2010
2010-09-30,TX,us,2010
2010-09-30,TX,us,2010
2010-10-01,TX,us,2010
2010-10-01,TX,us,2010
2010-10-02,TX,us,2010
2010-10-04,TX,us,2010
2010-10-05,TX,us,2010
2010-10-05,TX,us,2010
2010-10-05,TX,us,2010
2010-10-06,TX,us,2010
2010-10-06,TX,us,2010
2010-10-07,TX,us,2010
2010-10-07,TX,us,2010
2010-10-07,TX,us,2010
2010-10-08,TX,us,2010
2010-10-09,TX,us,2010
2010-10-09,TX,us,2010
2010-10-09,TX,us,2010
2010-10-10,TX,us,2010
2010-10-12,TX,us,2010
2010-10-12,TX,us,2010
2010-10-12,TX,us,2010
2010-10-12,TX,us,2010
2010-10-12,TX,us,2010
2010-10-13,TX,us,2010
2010-10-13,TX,us,2010
2010-10-14,TX,us,2010
2010-10-15,TX,us,2010
2010-10-20,TX,us,2010
2010-10-22,TX,us,2010
2010-10-22,TX,us,2010
2010-10-24,TX,us,2010
2010-10-27,TX,us,2010
2010-10-29,TX,us,2010
2010-10-29,TX,us,2010
2010-10-31,TX,us,2010
2010-11-01,TX,us,2010
2010-11-02,TX,us,2010
2010-11-04,TX,us,2010
2010-11-06,TX,us,2010
2010-11-07,TX,us,2010
2010-11-09,TX,us,2010
2010-11-09,TX,us,2010
2010-11-09,TX,us,2010
2010-11-10,TX,us,2010
2010-11-10,TX,us,2010
2010-11-16,TX,us,2010
2010-11-20,TX,us,2010
2010-11-21,TX,us,2010
2010-11-24,TX,us,2010
2010-11-25,TX,us,2010
2010-11-27,TX,us,2010
2010-12-01,TX,us,2010
2010-12-01,TX,us,2010
2010-12-02,TX,us,2010
2010-12-03,TX,us,2010
2010-12-04,TX,us,2010
2010-12-09,TX,us,2010
2010-12-10,TX,us,2010
2010-12-16,TX,us,2010
2010-12-18,TX,us,2010
2010-12-22,TX,us,2010
2010-12-29,TX,us,2010
2010-12-31,TX,us,2010
2010-12-31,TX,us,2010
2011-01-01,TX,us,2011
2011-01-01,TX,us,2011
2011-01-01,TX,us,2011
2011-01-03,TX,us,2011
2011-01-05,TX,us,2011
2011-01-06,TX,us,2011
2011-01-07,TX,us,2011
2011-01-08,TX,us,2011
2011-01-13,TX,us,2011
2011-01-21,TX,us,2011
2011-01-22,TX,us,2011
2011-01-22,TX,us,2011
2011-01-24,TX,us,2011
2011-01-24,TX,us,2011
2011-01-24,TX,us,2011
2011-02-03,TX,us,2011
2011-02-04,TX,us,2011
2011-02-07,TX,us,2011
2011-02-10,TX,us,2011
2011-02-11,TX,us,2011
2011-02-11,TX,us,2011
2011-02-15,TX,us,2011
2011-02-16,TX,us,2011
2011-02-17,TX,us,2011
2011-02-18,TX,us,2011
2011-02-18,TX,us,2011
2011-02-22,TX,us,2011
2011-02-25,TX,us,2011
2011-02-28,TX,us,2011
2011-02-28,TX,us,2011
2011-03-01,TX,us,2011
2011-03-01,TX,us,2011
2011-03-02,TX,us,2011
2011-03-02,TX,us,2011
2011-03-02,TX,us,2011
2011-03-02,TX,us,2011
2011-03-10,TX,us,2011
2011-03-10,TX,us,2011
2011-03-11,TX,us,2011
2011-03-11,TX,us,2011
2011-03-11,TX,us,2011
2011-03-12,TX,us,2011
2011-03-12,TX,us,2011
2011-03-12,TX,us,2011
2011-03-13,TX,us,2011
2011-03-19,TX,us,2011
2011-03-19,TX,us,2011
2011-03-23,TX,us,2011
2011-03-24,TX,us,2011
2011-04-02,TX,us,2011
2011-04-04,TX,us,2011
2011-04-06,TX,us,2011
2011-04-07,TX,us,2011
2011-04-10,TX,us,2011
2011-04-11,TX,us,2011
2011-04-12,TX,us,2011
2011-04-12,TX,us,2011
2011-04-16,TX,us,2011
2011-04-20,TX,us,2011
2011-04-24,TX,us,2011
2011-04-24,TX,us,2011
2011-04-25,TX,us,2011
2011-04-25,TX,us,2011
2011-04-28,TX,us,2011
2011-05-02,TX,us,2011
2011-05-03,TX,us,2011
2011-05-05,TX,us,2011
2011-05-05,TX,us,2011
2011-05-13,TX,us,2011
2011-05-14,TX,us,2011
2011-05-14,TX,us,2011
2011-05-16,TX,us,2011
2011-05-20,TX,us,2011
2011-05-22,TX,us,2011
2011-05-24,TX,us,2011
2011-05-24,TX,us,2011
2011-05-25,TX,us,2011
2011-05-28,TX,us,2011
2011-05-29,TX,us,2011
2011-05-29,TX,us,2011
2011-05-30,TX,us,2011
2011-05-30,TX,us,2011
2011-05-30,TX,us,2011
2011-06-01,TX,us,2011
2011-06-01,TX,us,2011
2011-06-03,TX,us,2011
2011-06-10,TX,us,2011
2011-06-11,TX,us,2011
2011-06-13,TX,us,2011
2011-06-14,TX,us,2011
2011-06-18,TX,us,2011
2011-06-19,TX,us,2011
2011-06-24,TX,us,2011
2011-06-25,TX,us,2011
2011-06-25,TX,us,2011
2011-06-29,TX,us,2011
2011-07-01,TX,us,2011
2011-07-02,TX,us,2011
2011-07-03,TX,us,2011
2011-07-05,TX,us,2011
2011-07-08,TX,us,2011
2011-07-11,TX,us,2011
2011-07-14,TX,us,2011
2011-07-18,TX,us,2011
2011-07-18,TX,us,2011
2011-07-19,TX,us,2011
2011-07-20,TX,us,2011
2011-07-21,TX,us,2011
2011-07-22,TX,us,2011
2011-07-22,TX,us,2011
2011-07-22,TX,us,2011
2011-07-22,TX,us,2011
2011-07-23,TX,us,2011
2011-07-24,TX,us,2011
2011-07-26,TX,us,2011
2011-07-27,TX,us,2011
2011-07-27,TX,us,2011
2011-07-28,TX,us,2011
2011-07-28,TX,us,2011
2011-07-28,TX,us,2011
2011-07-28,TX,us,2011
2011-07-29,TX,us,2011
2011-07-29,TX,us,2011
2011-07-30,TX,us,2011
2011-08-03,TX,us,2011
2011-08-03,TX,us,2011
2011-08-04,TX,us,2011
2011-08-04,TX,us,2011
2011-08-05,TX,us,2011
2011-08-06,TX,us,2011
2011-08-08,TX,us,2011
2011-08-10,TX,us,2011
2011-08-12,TX,us,2011
2011-08-12,TX,us,2011
2011-08-14,TX,us,2011
2011-08-17,TX,us,2011
2011-08-17,TX,us,2011
2011-08-20,TX,us,2011
2011-08-21,TX,us,2011
2011-08-23,TX,us,2011
2011-08-23,TX,us,2011
2011-08-26,TX,us,2011
2011-08-26,TX,us,2011
2011-08-29,TX,us,2011
2011-08-29,TX,us,2011
2011-08-31,TX,us,2011
2011-09-01,TX,us,2011
2011-09-01,TX,us,2011
2011-09-02,TX,us,2011
2011-09-02,TX,us,2011
2011-09-03,TX,us,2011
2011-09-03,TX,us,2011
2011-09-04,TX,us,2011
2011-09-04,TX,us,2011
2011-09-04,TX,us,2011
2011-09-04,TX,us,2011
2011-09-05,TX,us,2011
2011-09-05,TX,us,2011
2011-09-07,TX,us,2011
2011-09-07,TX,us,2011
2011-09-10,TX,us,2011
2011-09-10,TX,us,2011
2011-09-10,TX,us,2011
2011-09-12,TX,us,2011
2011-09-12,TX,us,2011
2011-09-17,TX,us,2011
2011-09-17,TX,us,2011
2011-09-20,TX,us,2011
2011-09-23,TX,us,2011
2011-09-24,TX,us,2011
2011-09-26,TX,us,2011
2011-09-30,TX,us,2011
2011-09-30,TX,us,2011
2011-09-30,TX,us,2011
2011-10-01,TX,us,2011
2011-10-01,TX,us,2011
2011-10-02,TX,us,2011
2011-10-03,TX,us,2011
2011-10-03,TX,us,2011
2011-10-06,TX,us,2011
2011-10-06,TX,us,2011
2011-10-06,TX,us,2011
2011-10-07,TX,us,2011
2011-10-12,TX,us,2011
2011-10-12,TX,us,2011
2011-10-14,TX,us,2011
2011-10-15,TX,us,2011
2011-10-17,TX,us,2011
2011-10-18,TX,us,2011
2011-10-19,TX,us,2011
2011-10-20,TX,us,2011
2011-10-20,TX,us,2011
2011-10-20,TX,us,2011
2011-10-20,TX,us,2011
2011-10-20,TX,us,2011
2011-10-21,TX,us,2011
2011-10-21,TX,us,2011
2011-10-22,TX,us,2011
2011-10-23,TX,us,2011
2011-10-23,TX,us,2011
2011-10-27,TX,us,2011
2011-10-27,TX,us,2011
2011-10-28,TX,us,2011
2011-10-30,TX,us,2011
2011-10-30,TX,us,2011
2011-11-01,TX,us,2011
2011-11-01,TX,us,2011
2011-11-01,TX,us,2011
2011-11-02,TX,us,2011
2011-11-03,TX,us,2011
2011-11-04,TX,us,2011
2011-11-04,TX,us,2011
2011-11-07,TX,us,2011
2011-11-07,TX,us,2011
2011-11-10,TX,us,2011
2011-11-11,TX,us,2011
2011-11-13,TX,us,2011
2011-11-17,TX,us,2011
2011-11-17,TX,us,2011
2011-11-19,TX,us,2011
2011-11-27,TX,us,2011
2011-11-28,TX,us,2011
2011-12-05,TX,us,2011
2011-12-09,TX,us,2011
2011-12-09,TX,us,2011
2011-12-20,TX,us,2011
2011-12-23,TX,us,2011
2011-12-26,TX,us,2011
2011-12-29,TX,us,2011
2011-12-29,TX,us,2011
2011-12-31,TX,us,2011
2012-01-01,TX,us,2012
2012-01-01,TX,us,2012
2012-01-10,TX,us,2012
2012-01-11,TX,us,2012
2012-01-11,TX,us,2012
2012-01-12,TX,us,2012
2012-01-13,TX,us,2012
2012-01-13,TX,us,2012
2012-01-14,TX,us,2012
2012-01-15,TX,us,2012
2012-01-17,TX,us,2012
2012-01-18,TX,us,2012
2012-01-22,TX,us,2012
2012-01-23,TX,us,2012
2012-01-26,TX,us,2012
2012-01-26,TX,us,2012
2012-01-27,TX,us,2012
2012-01-28,TX,us,2012
2012-01-29,TX,us,2012
2012-01-29,TX,us,2012
2012-02-01,TX,us,2012
2012-02-01,TX,us,2012
2012-02-01,TX,us,2012
2012-02-01,TX,us,2012
2012-02-01,TX,us,2012
2012-02-01,TX,us,2012
2012-02-01,TX,us,2012
2012-02-02,TX,us,2012
2012-02-05,TX,us,2012
2012-02-05,TX,us,2012
2012-02-10,TX,us,2012
2012-02-16,TX,us,2012
2012-02-16,TX,us,2012
2012-02-17,TX,us,2012
2012-03-04,TX,us,2012
2012-03-04,TX,us,2012
2012-03-12,TX,us,2012
2012-03-13,TX,us,2012
2012-03-14,TX,us,2012
2012-03-15,TX,us,2012
2012-03-20,TX,us,2012
2012-03-22,TX,us,2012
2012-03-23,TX,us,2012
2012-03-23,TX,us,2012
2012-03-28,TX,us,2012
2012-03-31,TX,us,2012
2012-04-02,TX,us,2012
2012-04-04,TX,us,2012
2012-04-06,TX,us,2012
2012-04-07,TX,us,2012
2012-04-07,TX,us,2012
2012-04-09,TX,us,2012
2012-04-10,TX,us,2012
2012-04-10,TX,us,2012
2012-04-10,TX,us,2012
2012-04-14,TX,us,2012
2012-04-17,TX,us,2012
2012-04-17,TX,us,2012
2012-04-18,TX,us,2012
2012-04-19,TX,us,2012
2012-04-19,TX,us,2012
2012-04-20,TX,us,2012
2012-04-20,TX,us,2012
2012-04-22,TX,us,2012
2012-04-22,TX,us,2012
2012-04-23,TX,us,2012
2012-04-23,TX,us,2012
2012-04-24,TX,us,2012
2012-04-25,TX,us,2012
2012-04-26,TX,us,2012
2012-05-02,TX,us,2012
2012-05-03,TX,us,2012
2012-05-04,TX,us,2012
2012-05-08,TX,us,2012
2012-05-09,TX,us,2012
2012-05-12,TX,us,2012
2012-05-12,TX,us,2012
2012-05-12,TX,us,2012
2012-05-14,TX,us,2012
2012-05-16,TX,us,2012
2012-05-19,TX,us,2012
2012-05-21,TX,us,2012
2012-05-23,TX,us,2012
2012-05-26,TX,us,2012
2012-05-30,TX,us,2012
2012-06-01,TX,us,2012
2012-06-01,TX,us,2012
2012-06-04,TX,us,2012
2012-06-05,TX,us,2012
2012-06-05,TX,us,2012
2012-06-06,TX,us,2012
2012-06-14,TX,us,2012
2012-06-15,TX,us,2012
2012-06-21,TX,us,2012
2012-06-24,TX,us,2012
2012-06-25,TX,us,2012
2012-06-26,TX,us,2012
2012-06-26,TX,us,2012
2012-06-26,TX,us,2012
2012-06-29,TX,us,2012
2012-07-04,TX,us,2012
2012-07-04,TX,us,2012
2012-07-04,TX,us,2012
2012-07-04,TX,us,2012
2012-07-04,TX,us,2012
2012-07-04,TX,us,2012
2012-07-04,TX,us,2012
2012-07-04,TX,us,2012
2012-07-05,TX,us,2012
2012-07-06,TX,us,2012
2012-07-09,TX,us,2012
2012-07-14,TX,us,2012
2012-07-15,TX,us,2012
2012-07-17,TX,us,2012
2012-07-21,TX,us,2012
2012-07-31,TX,us,2012
2012-08-02,TX,us,2012
2012-08-05,TX,us,2012
2012-08-06,TX,us,2012
2012-08-07,TX,us,2012
2012-08-07,TX,us,2012
2012-08-08,TX,us,2012
2012-08-08,TX,us,2012
2012-08-10,TX,us,2012
2012-08-11,TX,us,2012
2012-08-13,TX,us,2012
2012-08-14,TX,us,2012
2012-08-17,TX,us,2012
2012-08-17,TX,us,2012
2012-08-18,TX,us,2012
2012-08-18,TX,us,2012
2012-08-19,TX,us,2012
2012-08-24,TX,us,2012
2012-08-25,TX,us,2012
2012-08-26,TX,us,2012
2012-08-27,TX,us,2012
2012-08-28,TX,us,2012
2012-08-28,TX,us,2012
2012-08-29,TX,us,2012
2012-08-31,TX,us,2012
2012-09-02,TX,us,2012
2012-09-02,TX,us,2012
2012-09-03,TX,us,2012
2012-09-04,TX,us,2012
2012-09-06,TX,us,2012
2012-09-07,TX,us,2012
2012-09-08,TX,us,2012
2012-09-08,TX,us,2012
2012-09-09,TX,us,2012
2012-09-10,TX,us,2012
2012-09-10,TX,us,2012
2012-09-11,TX,us,2012
2012-09-12,TX,us,2012
2012-09-14,TX,us,2012
2012-09-14,TX,us,2012
2012-09-17,TX,us,2012
2012-09-20,TX,us,2012
2012-09-20,TX,us,2012
2012-09-23,TX,us,2012
2012-09-28,TX,us,2012
2012-09-28,TX,us,2012
2012-09-29,TX,us,2012
2012-10-01,TX,us,2012
2012-10-03,TX,us,2012
2012-10-05,TX,us,2012
2012-10-08,TX,us,2012
2012-10-09,TX,us,2012
2012-10-09,TX,us,2012
2012-10-10,TX,us,2012
2012-10-14,TX,us,2012
2012-10-14,TX,us,2012
2012-10-19,TX,us,2012
2012-10-19,TX,us,2012
2012-10-20,TX,us,2012
2012-10-21,TX,us,2012
2012-10-24,TX,us,2012
2012-10-24,TX,us,2012
2012-10-27,TX,us,2012
2012-10-28,TX,us,2012
2012-10-29,TX,us,2012
2012-10-30,TX,us,2012
2012-10-31,TX,us,2012
2012-10-31,TX,us,2012
2012-10-31,TX,us,2012
2012-11-03,TX,us,2012
2012-11-03,TX,us,2012
2012-11-03,TX,us,2012
2012-11-03,TX,us,2012
2012-11-08,TX,us,2012
2012-11-08,TX,us,2012
2012-11-08,TX,us,2012
2012-11-08,TX,us,2012
2012-11-08,TX,us,2012
2012-11-09,TX,us,2012
2012-11-10,TX,us,2012
2012-11-10,TX,us,2012
2012-11-11,TX,us,2012
2012-11-12,TX,us,2012
2012-11-13,TX,us,2012
2012-11-13,TX,us,2012
2012-11-15,TX,us,2012
2012-11-18,TX,us,2012
2012-11-19,TX,us,2012
2012-11-21,TX,us,2012
2012-11-21,TX,us,2012
2012-11-21,TX,us,2012
2012-11-22,TX,us,2012
2012-11-22,TX,us,2012
2012-11-24,TX,us,2012
2012-11-24,TX,us,2012
2012-11-28,TX,us,2012
2012-11-29,TX,us,2012
2012-11-30,TX,us,2012
2012-12-03,TX,us,2012
2012-12-04,TX,us,2012
2012-12-05,TX,us,2012
2012-12-06,TX,us,2012
2012-12-06,TX,us,2012
2012-12-07,TX,us,2012
2012-12-07,TX,us,2012
2012-12-07,TX,us,2012
2012-12-07,TX,us,2012
2012-12-08,TX,us,2012
2012-12-09,TX,us,2012
2012-12-13,TX,us,2012
2012-12-15,TX,us,2012
2012-12-17,TX,us,2012
2012-12-18,TX,us,2012
2012-12-20,TX,us,2012
2012-12-20,TX,us,2012
2012-12-21,TX,us,2012
2012-12-21,TX,us,2012
2012-12-21,TX,us,2012
2012-12-21,TX,us,2012
2012-12-22,TX,us,2012
2012-12-22,TX,us,2012
2012-12-24,TX,us,2012
2012-12-28,TX,us,2012
2012-12-31,TX,us,2012
2013-01-01,TX,us,2013
2013-01-01,TX,us,2013
2013-01-01,TX,us,2013
2013-01-05,TX,us,2013
2013-01-06,TX,us,2013
2013-01-06,TX,us,2013
2013-01-10,TX,us,2013
2013-01-15,TX,us,2013
2013-01-17,TX,us,2013
2013-01-17,TX,us,2013
2013-01-22,TX,us,2013
2013-01-23,TX,us,2013
2013-01-25,TX,us,2013
2013-01-25,TX,us,2013
2013-01-29,TX,us,2013
2013-01-30,TX,us,2013
2013-02-01,TX,us,2013
2013-02-02,TX,us,2013
2013-02-02,TX,us,2013
2013-02-04,TX,us,2013
2013-02-07,TX,us,2013
2013-02-13,TX,us,2013
2013-02-15,TX,us,2013
2013-02-17,TX,us,2013
2013-02-19,TX,us,2013
2013-02-25,TX,us,2013
2013-02-25,TX,us,2013
2013-02-26,TX,us,2013
2013-02-26,TX,us,2013
2013-02-27,TX,us,2013
2013-02-28,TX,us,2013
2013-03-01,TX,us,2013
2013-03-01,TX,us,2013
2013-03-01,TX,us,2013
2013-03-01,TX,us,2013
2013-03-04,TX,us,2013
2013-03-06,TX,us,2013
2013-03-10,TX,us,2013
2013-03-12,TX,us,2013
2013-03-14,TX,us,2013
2013-03-16,TX,us,2013
2013-03-17,TX,us,2013
2013-03-19,TX,us,2013
2013-03-20,TX,us,2013
2013-03-23,TX,us,2013
2013-03-30,TX,us,2013
2013-03-31,TX,us,2013
2013-04-01,TX,us,2013
2013-04-04,TX,us,2013
2013-04-05,TX,us,2013
2013-04-06,TX,us,2013
2013-04-06,TX,us,2013
2013-04-06,TX,us,2013
2013-04-06,TX,us,2013
2013-04-12,TX,us,2013
2013-04-13,TX,us,2013
2013-04-14,TX,us,2013
2013-04-19,TX,us,2013
2013-04-26,TX,us,2013
2013-04-27,TX,us,2013
2013-04-27,TX,us,2013
2013-04-29,TX,us,2013
2013-04-30,TX,us,2013
2013-05-04,TX,us,2013
2013-05-04,TX,us,2013
2013-05-04,TX,us,2013
2013-05-05,TX,us,2013
2013-05-05,TX,us,2013
2013-05-06,TX,us,2013
2013-05-08,TX,us,2013
2013-05-10,TX,us,2013
2013-05-18,TX,us,2013
2013-05-21,TX,us,2013
2013-05-22,TX,us,2013
2013-05-22,TX,us,2013
2013-05-22,TX,us,2013
2013-05-22,TX,us,2013
2013-05-23,TX,us,2013
2013-05-25,TX,us,2013
2013-05-25,TX,us,2013
2013-05-26,TX,us,2013
2013-05-26,TX,us,2013
2013-05-27,TX,us,2013
2013-05-31,TX,us,2013
2013-05-31,TX,us,2013
2013-06-01,TX,us,2013
2013-06-01,TX,us,2013
2013-06-05,TX,us,2013
2013-06-05,TX,us,2013
2013-06-07,TX,us,2013
2013-06-08,TX,us,2013
2013-06-10,TX,us,2013
2013-06-16,TX,us,2013
2013-06-23,TX,us,2013
2013-06-24,TX,us,2013
2013-06-25,TX,us,2013
2013-06-27,TX,us,2013
2013-06-28,TX,us,2013
2013-06-28,TX,us,2013
2013-07-02,TX,us,2013
2013-07-03,TX,us,2013
2013-07-04,TX,us,2013
2013-07-04,TX,us,2013
2013-07-04,TX,us,2013
2013-07-04,TX,us,2013
2013-07-05,TX,us,2013
2013-07-06,TX,us,2013
2013-07-07,TX,us,2013
2013-07-12,TX,us,2013
2013-07-13,TX,us,2013
2013-07-13,TX,us,2013
2013-07-13,TX,us,2013
2013-07-13,TX,us,2013
2013-07-17,TX,us,2013
2013-07-18,TX,us,2013
2013-07-25,TX,us,2013
2013-07-27,TX,us,2013
2013-07-28,TX,us,2013
2013-08-01,TX,us,2013
2013-08-04,TX,us,2013
2013-08-06,TX,us,2013
2013-08-10,TX,us,2013
2013-08-10,TX,us,2013
2013-08-11,TX,us,2013
2013-08-11,TX,us,2013
2013-08-12,TX,us,2013
2013-08-13,TX,us,2013
2013-08-14,TX,us,2013
2013-08-15,TX,us,2013
2013-08-16,TX,us,2013
2013-08-18,TX,us,2013
2013-08-18,TX,us,2013
2013-08-21,TX,us,2013
2013-08-22,TX,us,2013
2013-08-25,TX,us,2013
2013-08-26,TX,us,2013
2013-08-27,TX,us,2013
2013-08-30,TX,us,2013
2013-09-01,TX,us,2013
2013-09-01,TX,us,2013
2013-09-01,TX,us,2013
2013-09-02,TX,us,2013
2013-09-06,TX,us,2013
2013-09-06,TX,us,2013
2013-09-07,TX,us,2013
2013-09-07,TX,us,2013
2013-09-08,TX,us,2013
2013-09-08,TX,us,2013
2013-09-08,TX,us,2013
2013-09-09,TX,us,2013
2013-09-13,TX,us,2013
2013-09-14,TX,us,2013
2013-09-21,TX,us,2013
2013-09-21,TX,us,2013
2013-09-21,TX,us,2013
2013-09-21,TX,us,2013
2013-09-23,TX,us,2013
2013-09-25,TX,us,2013
2013-10-04,TX,us,2013
2013-10-04,TX,us,2013
2013-10-05,TX,us,2013
2013-10-06,TX,us,2013
2013-10-07,TX,us,2013
2013-10-07,TX,us,2013
2013-10-07,TX,us,2013
2013-10-09,TX,us,2013
2013-10-12,TX,us,2013
2013-10-12,TX,us,2013
2013-10-13,TX,us,2013
2013-10-16,TX,us,2013
2013-10-18,TX,us,2013
2013-10-19,TX,us,2013
2013-10-21,TX,us,2013
2013-10-21,TX,us,2013
2013-10-21,TX,us,2013
2013-10-21,TX,us,2013
2013-10-22,TX,us,2013
2013-10-24,TX,us,2013
2013-10-24,TX,us,2013
2013-10-24,TX,us,2013
2013-10-24,TX,us,2013
2013-10-25,TX,us,2013
2013-10-27,TX,us,2013
2013-10-28,TX,us,2013
2013-11-02,TX,us,2013
2013-11-03,TX,us,2013
2013-11-03,TX,us,2013
2013-11-03,TX,us,2013
2013-11-05,TX,us,2013
2013-11-06,TX,us,2013
2013-11-06,TX,us,2013
2013-11-07,TX,us,2013
2013-11-07,TX,us,2013
2013-11-08,TX,us,2013
2013-11-09,TX,us,2013
2013-11-10,TX,us,2013
2013-11-10,TX,us,2013
2013-11-16,TX,us,2013
2013-11-19,TX,us,2013
2013-11-23,TX,us,2013
2013-11-26,TX,us,2013
2013-11-26,TX,us,2013
2013-11-28,TX,us,2013
2013-11-29,TX,us,2013
2013-12-01,TX,us,2013
2013-12-02,TX,us,2013
2013-12-03,TX,us,2013
2013-12-03,TX,us,2013
2013-12-06,TX,us,2013
2013-12-08,TX,us,2013
2013-12-15,TX,us,2013
2013-12-15,TX,us,2013
2013-12-21,TX,us,2013
2013-12-21,TX,us,2013
2013-12-24,TX,us,2013
2013-12-28,TX,us,2013
2013-12-31,TX,us,2013
2014-01-01,TX,us,2014
2014-01-01,TX,us,2014
2014-01-01,TX,us,2014
2014-01-01,TX,us,2014
2014-01-02,TX,us,2014
2014-01-02,TX,us,2014
2014-01-04,TX,us,2014
2014-01-10,TX,us,2014
2014-01-13,TX,us,2014
2014-01-14,TX,us,2014
2014-01-14,TX,us,2014
2014-01-15,TX,us,2014
2014-01-16,TX,us,2014
2014-01-17,TX,us,2014
2014-01-19,TX,us,2014
2014-01-19,TX,us,2014
2014-01-20,TX,us,2014
2014-01-20,TX,us,2014
2014-01-22,TX,us,2014
2014-01-22,TX,us,2014
2014-01-24,TX,us,2014
2014-01-24,TX,us,2014
2014-01-24,TX,us,2014
2014-01-28,TX,us,2014
2014-01-28,TX,us,2014
2014-02-08,TX,us,2014
2014-02-11,TX,us,2014
2014-02-17,TX,us,2014
2014-02-18,TX,us,2014
2014-02-19,TX,us,2014
2014-02-23,TX,us,2014
2014-02-25,TX,us,2014
2014-03-07,TX,us,2014
2014-03-09,TX,us,2014
2014-03-12,TX,us,2014
2014-03-13,TX,us,2014
2014-03-13,TX,us,2014
2014-03-15,TX,us,2014
2014-03-18,TX,us,2014
2014-03-19,TX,us,2014
2014-03-24,TX,us,2014
2014-03-28,TX,us,2014
2014-03-28,TX,us,2014
2014-03-29,TX,us,2014
2014-04-01,TX,us,2014
2014-04-05,TX,us,2014
2014-04-05,TX,us,2014
2014-04-05,TX,us,2014
2014-04-05,TX,us,2014
2014-04-06,TX,us,2014
2014-04-08,TX,us,2014
2014-04-08,TX,us,2014
2014-04-10,TX,us,2014
2014-04-11,TX,us,2014
2014-04-12,TX,us,2014
2014-04-13,TX,us,2014
2014-04-15,TX,us,2014
2014-04-20,TX,us,2014
2014-04-24,TX,us,2014
2014-04-26,TX,us,2014
2014-04-26,TX,us,2014
2014-04-26,TX,us,2014
2014-04-28,TX,us,2014
2014-05-01,TX,us,2014
2014-05-01,TX,us,2014
2014-05-01,TX,us,2014
2014-05-02,TX,us,2014
2014-05-03,TX,us,2014
2014-05-03,TX,us,2014
2014-05-04,TX,us,2014
